<?xml version="1.0" encoding="utf-8"?>
<InstrumentationManifest xmlns:xsd="http://www.w3.org/2001/XMLSchema" xmlns:xsi="http://www.w3.org/2001/XMLSchema-instance">
  <Instrumentation>
    <Regions>
      <RegionRoot Guid="{209b787e-7b9d-4feb-a57a-2addc4452863}" Name="[Root]" FriendlyName="[Root]">
        <Region Guid="{116f680e-6c04-4c3f-adf9-701a2c35988f}" Name="JScript" FriendlyName="JScript">
          <Region Guid="{9d6e400d-0e0b-4dd0-8b19-52795805bd3b}" Name="OM" FriendlyName="OM">
            <Start>
              <Event Provider="{9e3b3947-ca5d-4614-91a2-7b624e0e7244}" Id="82" Version="0" />
            </Start>
            <Stop>
              <Event Provider="{9e3b3947-ca5d-4614-91a2-7b624e0e7244}" Id="83" Version="0" />
            </Stop>
            <Region Guid="{c877f127-b35a-44c8-ada8-c79ae1ab5a38}" Name="ParseSource" FriendlyName="ParseSource">
              <Start>
                <Event Provider="{9e3b3947-ca5d-4614-91a2-7b624e0e7244}" Id="129" Version="0" />
              </Start>
              <Stop>
                <Event Provider="{9e3b3947-ca5d-4614-91a2-7b624e0e7244}" Id="130" Version="0" />
              </Stop>
            </Region>
            <Region Guid="{9e8e1705-07b4-402a-af67-6eb8d02336e2}" Name="ByteCodeGen" FriendlyName="ByteCodeGen">
              <Start>
                <Event Provider="{9e3b3947-ca5d-4614-91a2-7b624e0e7244}" Id="168" Version="0" />
              </Start>
              <Stop>
                <Event Provider="{9e3b3947-ca5d-4614-91a2-7b624e0e7244}" Id="169" Version="0" />
              </Stop>
            </Region>
            <Region Guid="{77aa4056-ff50-40c8-9a2e-fa575f6e15fb}" Name="NativeCodeGen" FriendlyName="NativeCodeGen">
              <Start>
                <Event Provider="{9e3b3947-ca5d-4614-91a2-7b624e0e7244}" Id="170" Version="0" />
              </Start>
              <Stop>
                <Event Provider="{9e3b3947-ca5d-4614-91a2-7b624e0e7244}" Id="171" Version="0" />
              </Stop>
            </Region>
            <Region Guid="{882451ad-b518-41d6-bb1c-8b9d5eaa094d}" Name="CallOut" FriendlyName="CallOut">
              <Start>
                <Event Provider="{9e3b3947-ca5d-4614-91a2-7b624e0e7244}" Id="174" Version="0" />
              </Start>
              <Stop>
                <Event Provider="{9e3b3947-ca5d-4614-91a2-7b624e0e7244}" Id="175" Version="0" />
              </Stop>
            </Region>
            <Region Guid="{3568f03e-7bd3-41c7-a4e2-fadee8b5ddca}" Name="Recycler" FriendlyName="Recycler">
              <Start>
                <Event Provider="{9e3b3947-ca5d-4614-91a2-7b624e0e7244}" Id="127" Version="0" />
              </Start>
              <Stop>
                <Event Provider="{9e3b3947-ca5d-4614-91a2-7b624e0e7244}" Id="128" Version="0" />
              </Stop>
            </Region>
          </Region>
        </Region>
        <Region Guid="{effb766b-c0f8-440a-a1f7-0911d30281f9}" Name="Trident" FriendlyName="Trident">
          <Region Guid="{8e0f8ab6-d76b-4bb7-9cf4-e6bdf1a721d8}" Name="Display" FriendlyName="Display">
            <Start>
              <Event Provider="{9e3b3947-ca5d-4614-91a2-7b624e0e7244}" Id="1" Version="0" />
            </Start>
            <Stop>
              <Event Provider="{9e3b3947-ca5d-4614-91a2-7b624e0e7244}" Id="2" Version="0" />
            </Stop>
            <Region Guid="{bc423e6d-607e-46cf-aa70-c20dd942dc39}" Name="ViewRender" FriendlyName="ViewRender">
              <Start>
                <Event Provider="{9e3b3947-ca5d-4614-91a2-7b624e0e7244}" Id="137" Version="0" />
              </Start>
              <Stop>
                <Event Provider="{9e3b3947-ca5d-4614-91a2-7b624e0e7244}" Id="138" Version="0" />
              </Stop>
              <Metadata>
                <knownthreadname>HTML Render Thread</knownthreadname>
                <knownthreadpriority>101</knownthreadpriority>
              </Metadata>
            </Region>
          </Region>
          <Region Guid="{520b7d26-176b-4553-a936-dd7271e1f359}" Name="Layout" FriendlyName="Layout">
            <Start>
              <Event Provider="{9e3b3947-ca5d-4614-91a2-7b624e0e7244}" Id="3" Version="0" />
            </Start>
            <Stop>
              <Event Provider="{9e3b3947-ca5d-4614-91a2-7b624e0e7244}" Id="4" Version="0" />
            </Stop>
            <Metadata>
              <knownthreadname>HTML UI Thread</knownthreadname>
              <knownthreadpriority>102</knownthreadpriority>
            </Metadata>
          </Region>
          <Region Guid="{7d9c13f7-c2ff-499f-9422-1615e90cbf63}" Name="Formatting" FriendlyName="Formatting">
            <Start>
              <Event Provider="{9e3b3947-ca5d-4614-91a2-7b624e0e7244}" Id="125" Version="0" />
            </Start>
            <Stop>
              <Event Provider="{9e3b3947-ca5d-4614-91a2-7b624e0e7244}" Id="126" Version="0" />
            </Stop>
          </Region>
          <Region Guid="{e6611ee3-f5a5-40da-abfc-0cc1adefcfa2}" Name="Formatting" FriendlyName="Formatting">
            <Start>
              <Event Provider="{9e3b3947-ca5d-4614-91a2-7b624e0e7244}" Id="482" Version="0" />
            </Start>
            <Stop>
              <Event Provider="{9e3b3947-ca5d-4614-91a2-7b624e0e7244}" Id="483" Version="0" />
            </Stop>
          </Region>
          <Region Guid="{7db584c7-95ad-428d-88f2-a2c072df220f}" Name="Parsing" FriendlyName="Parsing">
            <Region Guid="{15b6e703-034f-4645-a9c3-9d690c480b4b}" Name="Post" FriendlyName="Post">
              <Start>
                <Event Provider="{9e3b3947-ca5d-4614-91a2-7b624e0e7244}" Id="46" Version="0" />
              </Start>
              <Stop>
                <Event Provider="{9e3b3947-ca5d-4614-91a2-7b624e0e7244}" Id="47" Version="0" />
              </Stop>
            </Region>
            <Region Guid="{9fea3cb4-8321-4355-b62d-d07cf93a53cb}" Name="Post" FriendlyName="Post">
              <Start>
                <Event Provider="{9e3b3947-ca5d-4614-91a2-7b624e0e7244}" Id="86" Version="0" />
              </Start>
              <Stop>
                <Event Provider="{9e3b3947-ca5d-4614-91a2-7b624e0e7244}" Id="87" Version="0" />
              </Stop>
            </Region>
            <Region Guid="{5b567977-24ec-47cf-8671-7430219b85dc}" Name="Post" FriendlyName="Post">
              <Start>
                <Event Provider="{9e3b3947-ca5d-4614-91a2-7b624e0e7244}" Id="88" Version="0" />
              </Start>
              <Stop>
                <Event Provider="{9e3b3947-ca5d-4614-91a2-7b624e0e7244}" Id="89" Version="0" />
              </Stop>
            </Region>
            <Region Guid="{7fabd5e0-d36f-4ef1-bd5d-a129be54b003}" Name="Pre" FriendlyName="Pre">
              <Start>
                <Event Provider="{9e3b3947-ca5d-4614-91a2-7b624e0e7244}" Id="73" Version="0" />
              </Start>
              <Stop>
                <Event Provider="{9e3b3947-ca5d-4614-91a2-7b624e0e7244}" Id="74" Version="0" />
              </Stop>
            </Region>
            <Region Guid="{15ab0278-6cbf-4b3f-b151-b773a86ac9e6}" Name="CSS" FriendlyName="CSS">
              <Start>
                <Event Provider="{9e3b3947-ca5d-4614-91a2-7b624e0e7244}" Id="123" Version="0" />
              </Start>
              <Stop>
                <Event Provider="{9e3b3947-ca5d-4614-91a2-7b624e0e7244}" Id="124" Version="0" />
              </Stop>
            </Region>
            <Region Guid="{4071558e-95b5-491f-aeb5-6f4cdafb0feb}" Name="CSS" FriendlyName="CSS">
              <Start>
                <Event Provider="{9e3b3947-ca5d-4614-91a2-7b624e0e7244}" Id="123" Version="1" />
              </Start>
              <Stop>
                <Event Provider="{9e3b3947-ca5d-4614-91a2-7b624e0e7244}" Id="124" Version="1" />
              </Stop>
            </Region>
          </Region>
          <Region Guid="{59f872c1-ca76-4b4f-ba0d-d437fac5cf83}" Name="Image Decoding" FriendlyName="Image Decoding">
            <Start>
              <Event Provider="{9e3b3947-ca5d-4614-91a2-7b624e0e7244}" Id="75" Version="0" />
            </Start>
            <Stop>
              <Event Provider="{9e3b3947-ca5d-4614-91a2-7b624e0e7244}" Id="76" Version="0" />
            </Stop>
            <Metadata>
              <knownthreadname>HTML Decode Thread</knownthreadname>
              <knownthreadpriority>0</knownthreadpriority>
            </Metadata>
          </Region>
        </Region>
        <Region Guid="{605740d3-4ee5-41a7-998e-00286e9bac67}" Name="DXSched" FriendlyName="DXSched">
          <Start>
            <Event Provider="{802ec45a-1e99-4b83-9920-87c98277ba9d}" Id="61" Version="0" />
          </Start>
          <Stop>
            <Event Provider="{802ec45a-1e99-4b83-9920-87c98277ba9d}" Id="63" Version="0" />
          </Stop>
          <Metadata>
            <knownthreadname>DX Scheduler Thread</knownthreadname>
            <knownthreadpriority>0</knownthreadpriority>
          </Metadata>
        </Region>
        <Region Guid="{12fbdd08-0af1-4744-adb3-3ee9464837c4}" Name="DWM" FriendlyName="DWM">
          <Region Guid="{d4f02b2b-b00a-4537-893f-31ea5ee0c4db}" Name="ProcessFrame" FriendlyName="ProcessFrame">
            <Start>
              <Event Provider="{9e9bba3c-2e38-40cb-99f4-9e8281425164}" Id="10" Version="0" />
            </Start>
            <Stop>
              <Event Provider="{9e9bba3c-2e38-40cb-99f4-9e8281425164}" Id="12" Version="0" />
            </Stop>
            <Region Guid="{6b858f0b-fdfb-4a22-ae97-1cf845d2426c}" Name="ProcessQueue" FriendlyName="ProcessQueue">
              <Start>
                <Event Provider="{9e9bba3c-2e38-40cb-99f4-9e8281425164}" Id="54" Version="0" />
              </Start>
              <Stop>
                <Event Provider="{9e9bba3c-2e38-40cb-99f4-9e8281425164}" Id="56" Version="0" />
              </Stop>
            </Region>
            <Region Guid="{bb186d63-765d-4e5d-ba6d-19dd82ebf2ea}" Name="PreCompute" FriendlyName="PreCompute">
              <Start>
                <Event Provider="{9e9bba3c-2e38-40cb-99f4-9e8281425164}" Id="57" Version="0" />
              </Start>
              <Stop>
                <Event Provider="{9e9bba3c-2e38-40cb-99f4-9e8281425164}" Id="58" Version="0" />
              </Stop>
            </Region>
            <Region Guid="{8277b693-fad3-43d6-9da0-22a7db4b7409}" Name="Occlusion" FriendlyName="Occlusion">
              <Start>
                <Event Provider="{9e9bba3c-2e38-40cb-99f4-9e8281425164}" Id="43" Version="0" />
              </Start>
              <Stop>
                <Event Provider="{9e9bba3c-2e38-40cb-99f4-9e8281425164}" Id="45" Version="0" />
              </Stop>
            </Region>
            <Region Guid="{cc980ef7-1cbe-43ec-a45c-e894d1c69eb2}" Name="Present" FriendlyName="Present">
              <Start>
                <Event Provider="{9e9bba3c-2e38-40cb-99f4-9e8281425164}" Id="15" Version="0" />
              </Start>
              <Stop>
                <Event Provider="{9e9bba3c-2e38-40cb-99f4-9e8281425164}" Id="16" Version="0" />
              </Stop>
            </Region>
            <Metadata>
              <knownthreadname>DWM Thread</knownthreadname>
              <knownthreadpriority>0</knownthreadpriority>
            </Metadata>
          </Region>
        </Region>
        <Region Guid="{6c61902a-307b-4ce5-8df0-8d7c7a4715b5}" Name="XamlOther" FriendlyName="XamlOther">
          <Region Guid="{7075b237-c374-4de5-b29b-2388c198b6a7}" Name="Decode" FriendlyName="Decode">
            <Start>
              <Event Provider="{531a35ab-63ce-4bcf-aa98-f88c7a89e455}" Id="147" Version="0" />
            </Start>
            <Stop>
              <Event Provider="{531a35ab-63ce-4bcf-aa98-f88c7a89e455}" Id="148" Version="0" />
            </Stop>
          </Region>
        </Region>
        <Region Guid="{a74701fd-e0ac-46b8-b980-fbf87274ccfc}" Name="XamlRender" FriendlyName="XamlRender">
          <Region Guid="{ed9ae572-8bec-4ae5-b8ac-2305c98e3e1c}" Name="Frame" FriendlyName="Frame">
            <Start>
              <Event Provider="{531a35ab-63ce-4bcf-aa98-f88c7a89e455}" Id="115" Version="0" />
            </Start>
            <Stop>
              <Event Provider="{531a35ab-63ce-4bcf-aa98-f88c7a89e455}" Id="116" Version="0" />
            </Stop>
            <Metadata>
              <knownthreadname>XAML Render Thread</knownthreadname>
              <knownthreadpriority>201</knownthreadpriority>
            </Metadata>
          </Region>
          <Region Guid="{4bd70029-a2e9-43a4-802a-7672e317ebf9}" Name="Tick" FriendlyName="Tick">
            <Start>
              <Event Provider="{531a35ab-63ce-4bcf-aa98-f88c7a89e455}" Id="122" Version="0" />
            </Start>
            <Stop>
              <Event Provider="{531a35ab-63ce-4bcf-aa98-f88c7a89e455}" Id="123" Version="0" />
            </Stop>
          </Region>
          <Region Guid="{98954a7a-7218-4f2f-aab5-d0456928551c}" Name="UpdateViewports" FriendlyName="UpdateViewports">
            <Start>
              <Event Provider="{531a35ab-63ce-4bcf-aa98-f88c7a89e455}" Id="274" Version="0" />
            </Start>
            <Stop>
              <Event Provider="{531a35ab-63ce-4bcf-aa98-f88c7a89e455}" Id="275" Version="0" />
            </Stop>
          </Region>
          <Region Guid="{951e2331-8b93-4664-9ee2-926a9c46f242}" Name="PrimitiveWalk" FriendlyName="PrimitiveWalk">
            <Start>
              <Event Provider="{531a35ab-63ce-4bcf-aa98-f88c7a89e455}" Id="124" Version="0" />
            </Start>
            <Stop>
              <Event Provider="{531a35ab-63ce-4bcf-aa98-f88c7a89e455}" Id="125" Version="0" />
            </Stop>
          </Region>
        </Region>
        <Region Guid="{c3772042-bd9e-4d2b-a5dd-d230ca6311ac}" Name="XamlUI" FriendlyName="XamlUI">
          <Region Guid="{60ada6ad-55e1-495e-95c2-61e736038109}" Name="Frame" FriendlyName="Frame">
            <Start>
              <Event Provider="{531a35ab-63ce-4bcf-aa98-f88c7a89e455}" Id="63" Version="0" />
            </Start>
            <Stop>
              <Event Provider="{531a35ab-63ce-4bcf-aa98-f88c7a89e455}" Id="65" Version="0" />
            </Stop>
            <Metadata>
              <knownthreadname>XAML UI Thread</knownthreadname>
              <knownthreadpriority>202</knownthreadpriority>
            </Metadata>
          </Region>
          <Region Guid="{e671d26e-f85c-429a-9ec5-9b1af6bbcd40}" Name="PointerInput" FriendlyName="PointerInput">
            <Start>
              <Event Provider="{531a35ab-63ce-4bcf-aa98-f88c7a89e455}" Id="165" Version="0" />
            </Start>
            <Stop>
              <Event Provider="{531a35ab-63ce-4bcf-aa98-f88c7a89e455}" Id="166" Version="0" />
            </Stop>
          </Region>
          <Region Guid="{23ed6c93-a01d-4a01-9b97-657b317de5dc}" Name="Layout" FriendlyName="Layout">
            <Start>
              <Event Provider="{531a35ab-63ce-4bcf-aa98-f88c7a89e455}" Id="41" Version="0" />
            </Start>
            <Stop>
              <Event Provider="{531a35ab-63ce-4bcf-aa98-f88c7a89e455}" Id="42" Version="0" />
            </Stop>
          </Region>
          <Region Guid="{1ccec463-bc80-4275-adda-df90568df322}" Name="Measure" FriendlyName="Measure">
            <Start>
              <Event Provider="{531a35ab-63ce-4bcf-aa98-f88c7a89e455}" Id="43" Version="0" />
            </Start>
            <Stop>
              <Event Provider="{531a35ab-63ce-4bcf-aa98-f88c7a89e455}" Id="44" Version="0" />
            </Stop>
          </Region>
          <Region Guid="{cdeabc56-4ab9-47a0-b279-08bf7e006826}" Name="Arrange" FriendlyName="Arrange">
            <Start>
              <Event Provider="{531a35ab-63ce-4bcf-aa98-f88c7a89e455}" Id="45" Version="0" />
            </Start>
            <Stop>
              <Event Provider="{531a35ab-63ce-4bcf-aa98-f88c7a89e455}" Id="46" Version="0" />
            </Stop>
          </Region>
          <Region Guid="{5c6b657f-4c6b-4688-b95e-91d38086aa63}" Name="RealizeTransition" FriendlyName="RealizeTransition">
            <Start>
              <Event Provider="{531a35ab-63ce-4bcf-aa98-f88c7a89e455}" Id="59" Version="0" />
            </Start>
            <Stop>
              <Event Provider="{531a35ab-63ce-4bcf-aa98-f88c7a89e455}" Id="60" Version="0" />
            </Stop>
          </Region>
          <Region Guid="{1b77f24b-028e-43a9-aec5-531f7391f72b}" Name="RenderWalk" FriendlyName="RenderWalk">
            <Start>
              <Event Provider="{531a35ab-63ce-4bcf-aa98-f88c7a89e455}" Id="93" Version="0" />
            </Start>
            <Stop>
              <Event Provider="{531a35ab-63ce-4bcf-aa98-f88c7a89e455}" Id="94" Version="0" />
            </Stop>
          </Region>
          <Region Guid="{840ef55a-1741-43fe-8ac7-a978f0fa440e}" Name="SubmitFrame" FriendlyName="SubmitFrame">
            <Start>
              <Event Provider="{531a35ab-63ce-4bcf-aa98-f88c7a89e455}" Id="100" Version="0" />
            </Start>
            <Stop>
              <Event Provider="{531a35ab-63ce-4bcf-aa98-f88c7a89e455}" Id="102" Version="0" />
            </Stop>
          </Region>
          <Region Guid="{2150053e-3691-4c18-974b-52099e029d31}" Name="UpdateSurfaces" FriendlyName="UpdateSurfaces">
            <Start>
              <Event Provider="{531a35ab-63ce-4bcf-aa98-f88c7a89e455}" Id="110" Version="0" />
            </Start>
            <Stop>
              <Event Provider="{531a35ab-63ce-4bcf-aa98-f88c7a89e455}" Id="111" Version="0" />
            </Stop>
          </Region>
          <Region Guid="{0f8b3096-080e-44e7-b300-242163719f7c}" Name="LoadComponent" FriendlyName="LoadComponent">
            <Start>
              <Event Provider="{531a35ab-63ce-4bcf-aa98-f88c7a89e455}" Id="20" Version="0"/>
            </Start>
            <Stop>
              <Event Provider="{531a35ab-63ce-4bcf-aa98-f88c7a89e455}" Id="21" Version="0" />
            </Stop>
            <Naming>
              <PayloadBased NameField="ComponentName" InstanceEndpoint="Start"/>
            </Naming>
          </Region>
          <Region Guid="{ccd7acbf-562c-493f-a1fd-6a1c3c8d2505}" Name="ApplyTemplate" FriendlyName="ApplyTemplate" >
            <Start>
              <Event Provider="{531a35ab-63ce-4bcf-aa98-f88c7a89e455}" Id="5" Version="0" />
            </Start>
            <Stop>
              <Event Provider="{531a35ab-63ce-4bcf-aa98-f88c7a89e455}" Id="6" Version="0" />
            </Stop>
            <Naming>
              <PayloadBased NameField="ClassName" InstanceEndpoint="Start"/>
            </Naming>
          </Region>
          <Region Guid="{6f6d66bd-2228-4dcb-bece-a9df66034f6e}" Name="Parse" FriendlyName="Parse">
            <Start>
              <Event Provider="{531a35ab-63ce-4bcf-aa98-f88c7a89e455}" Id="1" Version="0" />
            </Start>
            <Stop>
              <Event Provider="{531a35ab-63ce-4bcf-aa98-f88c7a89e455}" Id="2" Version="0" />
            </Stop>
            <Match>
              <Event TID="true">
                <Payload FieldName="URI"/>
              </Event>
            </Match>
            <Naming>
              <PayloadBased NameField="URI" InstanceEndpoint="Start"/>
            </Naming>
          </Region>
          <Region Guid="{02b029a7-2cb8-42bc-96e4-d55cc7e3b7e8}" Name="InitializeCore" FriendlyName="InitializeCore">
            <Start>
              <Event Provider="{531a35ab-63ce-4bcf-aa98-f88c7a89e455}" Id="31" Version="0" />
            </Start>
            <Stop>
              <Event Provider="{531a35ab-63ce-4bcf-aa98-f88c7a89e455}" Id="32" Version="0" />
            </Stop>
          </Region>
        </Region>
      </RegionRoot>
    </Regions>
  </Instrumentation>
</InstrumentationManifest>