<?xml version='1.0' encoding='utf-8' standalone='yes'?>
<?Copyright (c) Microsoft Corporation. All rights reserved.?>
<InstrumentationManifest>
  <Instrumentation>
    <Regions>
      <!-->
      Fast Startup:
      Begin Root Container
      <-->
      <RegionRoot Guid="{d8d639a0-cf4c-45fb-976a-0000DEADBEEF}" Name="FastStartup" FriendlyName="Fast Startup">
        
        <!-->
        Overall Shutdown:
        Children:
          User Session Shutdown
          Shutdown Processes
          Suspend Processes
          Superfetch Prepare Memory
          Pre-Sleep Callbacks
          Workerthread Swap-In
          Flush Storage Volumes
          QueryDevices
          Total Hiberfile Write
          System Suspend
          
        Begin Overall Shutdown Container
        <-->

        <Region Guid="{D38BE1A3-2A14-436A-9064-6D3E6CB85F88}" Name="FastStartup-Suspend-Overall-Time" FriendlyName="Overall Shutdown">

          <!-->
          User Session Shutdown:
          Event-Based Start with provider=dbe9b383-7cf3-4331-91cc-a3cb16a3b538, id=301, and version=0
          Event-Based Stop with provider=331c3b3a-2005-44c2-ac5e-77220c37d6b4, id=22, version=0
          <-->
          <Region Guid="{d8d639a0-cf4c-45fb-976a-000111000100}" Name="FastStartup-Suspend-UserSession-Shutdown" FriendlyName="User Session Shutdown">
            <Start>
              <Event Provider="{dbe9b383-7cf3-4331-91cc-a3cb16a3b538}" Id="301" Version="0"/>
            </Start>
            <Stop>
              <Event Provider="{331c3b3a-2005-44c2-ac5e-77220c37d6b4}" Id="22" Version="0"/>
            </Stop>
          </Region>

          <!-->
          Winlogon Notifications:
            Children:
              Create Session
              End Shell
              Logoff
              Terminate Session
              
          Begin Winlogon Notifications Container
          <-->

          <Region Guid="{7A7C6217-9A3E-4ecf-A2DD-E2819AF7C7A8}" Name="FastStartup-Suspend-Winlogon-Notifications" FriendlyName="Winlogon Notifications">
            
            <!-->
            Create Session:
            Event-Based Start with provider=dbe9b383-7cf3-4331-91cc-a3cb16a3b538, id=801, version=0 and Event=0
            Event-Based Stop with provider=dbe9b383-7cf3-4331-91cc-a3cb16a3b538, id=802, version=0, and Event=0
            
            Additionally, will only match start event to stop event when the PID is the same. 
            Children: 
              Subscribers for Create Session
             
             Begin Create Session
            <-->

            <Region Guid="{05C4C8EF-78E2-4cf9-B965-A628957D337F}" Name="FastStartup-Suspend-Winlogon-CreateSession" FriendlyName="Create Session">
              <Start>
                <Event Provider="{dbe9b383-7cf3-4331-91cc-a3cb16a3b538}" Id="801" Version="0"/>
                <PayloadIdentifier FieldName="Event" FieldValue="0"/>
              </Start>
              <Stop>
                <Event Provider="{dbe9b383-7cf3-4331-91cc-a3cb16a3b538}" Id="802" Version="0"/>
                <PayloadIdentifier FieldName="Event" FieldValue="0"/>
              </Stop>
              <Match>
                <Event PID ="true"/>
              </Match>

             <!-->
              Create Session:
              Event-Based Start with provider=dbe9b383-7cf3-4331-91cc-a3cb16a3b538, id=805, version=0 and Event=0
              Event-Based Stop with provider=dbe9b383-7cf3-4331-91cc-a3cb16a3b538, id=806, version=0, and Event=0
            
              Instance is based off payload field "SubscriberName" in the start event. 
              
              Children: 
                Connect to Subscriber for Create Session
                Call Subscriber for Create Session
                Pended Notification for Create Session
                
                Begin Subscribers for Create Session
              <-->
              
              <Region Guid="{A75D8F5D-E8F8-40b8-B453-5CC70DEAC06F}" Name="FastStartup-Suspend-Winlogon-CreateSession-Subscribers" FriendlyName="Subscribers for Create Session">
                <Start>
                  <Event Provider="{dbe9b383-7cf3-4331-91cc-a3cb16a3b538}"  Id="805" Version="0" />
                  <PayloadIdentifier FieldName="Event" FieldValue="0"/>
                </Start>
                <Stop>
                  <Event Provider="{dbe9b383-7cf3-4331-91cc-a3cb16a3b538}"  Id="806" Version="0"/>
                  <PayloadIdentifier FieldName="Event" FieldValue="0"/>
                </Stop>
                <Naming>
                  <PayloadBased NameField="SubscriberName"/>
                </Naming>

                <!-->
                Connect to Subscriber for Create Session:
                Event-Based Start with provider=dbe9b383-7cf3-4331-91cc-a3cb16a3b538, id=809, version=0
                Event-Based Stop with provider=dbe9b383-7cf3-4331-91cc-a3cb16a3b538, id=810, version=0
                
                Additionally, only match start to stop if the PID is the same.
                Additionally, only match to a parent if the parent shares this same PID. 
            
                Instance is based off payload field "SubscriberName" in the start event. 
                <-->
                
                <Region Guid="{2E69E6FB-3924-4deb-8B71-E5198A9952EF}" Name="FastStartup-Suspend-Winlogon-CreateSession-ConnectToSubscriber" FriendlyName="Connect to Subscriber for Create Session">
                  <Start>
                    <Event Provider="{dbe9b383-7cf3-4331-91cc-a3cb16a3b538}" Id="809" Version="0"/>
                  </Start>
                  <Stop>
                    <Event Provider="{dbe9b383-7cf3-4331-91cc-a3cb16a3b538}" Id="810" Version="0" />
                  </Stop>
                  <Match>
                    <Event PID ="true"/>
                    <Parent PID ="true"/>
                  </Match>
                  <Naming>
                    <PayloadBased NameField="SubscriberName"/>
                  </Naming>
                </Region>

                <!-->
                Call Subscriber for Create Session:
                Event-Based Start with provider=dbe9b383-7cf3-4331-91cc-a3cb16a3b538, id=811, version=0, and Event=0
                Event-Based Stop with provider=dbe9b383-7cf3-4331-91cc-a3cb16a3b538, id=812, version=0, and Event=0
                
                Additionally, only match start to stop if the PID is the same.
                Additionally, only match to a parent if the parent shares this same PID. 
            
                Instance is based off payload field "SubscriberName" in the start event. 
                <-->

                <Region Guid="{35F234D7-CF6D-44ae-A991-9B89BEA5FA31}" Name="FastStartup-Suspend-Winlogon-CreateSession-CallSubscriber" FriendlyName="Call Subscriber for Create Session">
                  <Start>
                    <Event Provider="{dbe9b383-7cf3-4331-91cc-a3cb16a3b538}" Id="811" Version="0" />
                    <PayloadIdentifier FieldName ="Event" FieldValue="0"/>
                  </Start>
                  <Stop>
                    <Event Provider="{dbe9b383-7cf3-4331-91cc-a3cb16a3b538}" Id="812" Version="0"/>
                    <PayloadIdentifier FieldName ="Event" FieldValue="0"/>
                  </Stop>
                  <Match>
                    <Event PID ="true"/>
                    <Parent PID ="true"/>
                  </Match>
                  <Naming>
                    <PayloadBased NameField="SubscriberName"/>
                  </Naming>
                </Region>


                <!-->
                Call Subscriber for Create Session:
                Event-Based Start with provider=dbe9b383-7cf3-4331-91cc-a3cb16a3b538, id=807, version=0, and Event=0
                Event-Based Stop with provider=dbe9b383-7cf3-4331-91cc-a3cb16a3b538, id=812, version=0, and Event=0
                
                Additionally, only match start to stop if the field "SubscriberName" is the same.
                Additionally, only match to a parent if the parent shares this same "SubscriberName" field. 
            
                Instance is based off payload field "Message" in the start event. 
                <-->
                
                <Region Guid="{F760BB96-7C01-4912-8643-94E7B3D59F30}" Name="FastStartup-Suspend-Winlogon-CreateSession-NotificationPended" FriendlyName="Pended Notification for Create Session">
                  <Start>
                    <Event Provider="{dbe9b383-7cf3-4331-91cc-a3cb16a3b538}" Id="807" Version="0" />
                    <PayloadIdentifier FieldName ="Event" FieldValue="0"/>
                  </Start>
                  <Stop>
                    <Event Provider="{dbe9b383-7cf3-4331-91cc-a3cb16a3b538}" Id="812" Version="0"/>
                    <PayloadIdentifier FieldName ="Event" FieldValue="0"/>
                  </Stop>
                  <Match>
                    <Event>
                      <Payload FieldName="SubscriberName"/>
                    </Event>
                    <Parent>
                      <Payload FieldName="SubscriberName"/>
                    </Parent>
                  </Match>
                  <Naming>
                    <PayloadBased NameField="Message"/>
                  </Naming>
                </Region>
                
                <!-->
                End Subscribers For Create Session
                <-->
              </Region>
            <!-->
            End Create Session
            <-->
            </Region>

            <!-->
            End Shell:
            Event-Based Start with provider=dbe9b383-7cf3-4331-91cc-a3cb16a3b538, id=801, version=0, and Event=13
            Event-Based Stop with provider=dbe9b383-7cf3-4331-91cc-a3cb16a3b538, id=802, version=0, and Event=13
                
            Additionally, only match start to stop if the PIDs are the same.
            
            Children:
              Subscribers for End Shell
              
            Begin End Shell
            <-->

            <Region Guid="{FB9348A5-319C-42aa-81B3-585F305963D0}" Name="FastStartup-Suspend-Winlogon-EndShell" FriendlyName="End Shell">
              <Start>
                <Event Provider="{dbe9b383-7cf3-4331-91cc-a3cb16a3b538}" Id="801" Version="0"/>
                <PayloadIdentifier FieldName ="Event" FieldValue="13"/>
              </Start>
              <Stop>
                <Event Provider="{dbe9b383-7cf3-4331-91cc-a3cb16a3b538}" Id="802" Version="0"/>
                <PayloadIdentifier FieldName ="Event" FieldValue="13"/>
              </Stop>
              <Match>
                <Event PID="true"/>
              </Match>

              <!-->
              Subscribers for End Shell:
              Event-Based Start with provider=dbe9b383-7cf3-4331-91cc-a3cb16a3b538, id=805, version=0, and Event=13
              Event-Based Stop with provider=dbe9b383-7cf3-4331-91cc-a3cb16a3b538, id=806, version=0, and Event=13
                
              Additionally, only match start to stop if the PIDs are the same.
            
              Instance based off payload field called "SubscriberName" in the start event.
              
              Children:
                Connect to Subscriber for End Shell
                Call Subscriber for End Shell
                Pended Notification for End Shell
                
              Begin End Shell
              <-->

              <Region Guid="{D5C41F3D-5BAB-41bd-9E7F-70E76BCD4D2B}" Name="FastStartup-Suspend-Winlogon-EndShell-Subscribers" FriendlyName="Subscribers for End Shell">
                <Start>
                  <Event Provider="{dbe9b383-7cf3-4331-91cc-a3cb16a3b538}" Id="805" Version="0"/>
                  <PayloadIdentifier FieldName ="Event" FieldValue="13"/>
                </Start>
                <Stop>
                  <Event Provider="{dbe9b383-7cf3-4331-91cc-a3cb16a3b538}" Id="806" Version="0"/>
                  <PayloadIdentifier FieldName ="Event" FieldValue="13"/>
                </Stop>
                <Match>
                  <Event PID="true"/>
                </Match>
                <Naming>
                  <PayloadBased NameField="SubscriberName"/>
                </Naming>

                <!-->
                Connect to Subscriber for End Shell:
                Event-Based Start with provider=dbe9b383-7cf3-4331-91cc-a3cb16a3b538, id=809, and version=0
                Event-Based Stop with provider=dbe9b383-7cf3-4331-91cc-a3cb16a3b538, id=810, and version=0
                
                Additionally, only match start to stop if the PIDs are the same.
                Additionally, only match to a parent if the parent shares this same PID.
            
                Instance based off payload field called "SubscriberName" in the start event.
                <-->
                
                <Region Guid="{BFC5A2BB-71D1-49f1-A052-3B3948A32392}" Name="FastStartup-Suspend-Winlogon-EndShell-ConnectToSubscriber" FriendlyName="Connect to Subscriber for End Shell">
                  <Start>
                    <Event Provider="{dbe9b383-7cf3-4331-91cc-a3cb16a3b538}" Id="809" Version="0" />
                  </Start>
                  <Stop>
                    <Event Provider="{dbe9b383-7cf3-4331-91cc-a3cb16a3b538}" Id="810" Version="0"/>
                  </Stop>
                  <Match>
                    <Event PID="true"/>
                    <Parent PID ="true"/>
                  </Match>
                  <Naming>
                    <PayloadBased NameField="SubscriberName"/>
                  </Naming>
                </Region>

                <!-->
                Call Subscriber for End Shell
                Event-Based Start with provider=dbe9b383-7cf3-4331-91cc-a3cb16a3b538, id=811, version=0, and Event=13
                Event-Based Stop with provider=dbe9b383-7cf3-4331-91cc-a3cb16a3b538, id=812, version=0, and Event=13
                
                Additionally, only match start to stop if the PIDs are the same.
                Additionally, only match to a parent if the parent shares this same PID.
            
                Instance based off payload field called "SubscriberName" in the start event.
                <-->
                
                <Region Guid="{9261872F-D3A7-4d80-BDE3-8479CC920639}" Name="FastStartup-Suspend-Winlogon-EndShell-CallSubscriber" FriendlyName="Call Subscriber for End Shell">
                  <Start>
                    <Event Provider="{dbe9b383-7cf3-4331-91cc-a3cb16a3b538}" Id="811" Version="0"/>
                    <PayloadIdentifier FieldName ="Event" FieldValue="13"/>
                  </Start>
                  <Stop>
                    <Event Provider="{dbe9b383-7cf3-4331-91cc-a3cb16a3b538}" Id="812" Version="0" />
                    <PayloadIdentifier FieldName ="Event" FieldValue="13"/>
                  </Stop>
                  <Match>
                    <Event PID="true"/>
                    <Parent PID="true"/>
                  </Match>
                  <Naming>
                    <PayloadBased NameField="SubscriberName"/>
                  </Naming>
                </Region>

                <!-->
                Pended Notification for End Shell
                Event-Based Start with provider=dbe9b383-7cf3-4331-91cc-a3cb16a3b538, id=807, version=0, and Event=13
                Event-Based Stop with provider=dbe9b383-7cf3-4331-91cc-a3cb16a3b538, id=812, version=0, and Event=13

                Additionally, only match start to stop if the field "SubscriberName" is the same.
                Additionally, only match to a parent if the parent shares this same "SubscriberName" field. 
            
                Instance based off payload field called "Message" in the start event.
                <-->

                <Region Guid="{62619109-0FDC-4143-9A33-4AFC9A0F0E4B}" Name="FastStartup-Suspend-Winlogon-EndShell-NotificationPended" FriendlyName="Pended Notification for End Shell">
                  <Start>
                    <Event Provider="{dbe9b383-7cf3-4331-91cc-a3cb16a3b538}" Id="807" Version="0"/>
                    <PayloadIdentifier FieldName="Event" FieldValue ="13"/>
                  </Start>
                  <Stop>
                    <Event Provider="{dbe9b383-7cf3-4331-91cc-a3cb16a3b538}" Id="812" Version="0" />
                    <PayloadIdentifier FieldName="Event" FieldValue="13"/>
                  </Stop>
                  <Match>
                    <Event>
                      <Payload FieldName ="SubscriberName" />
                    </Event>
                    <Parent>
                      <Payload FieldName="SubscriberName"/>
                    </Parent>
                  </Match>
                  <Naming>
                    <PayloadBased NameField="Message"/>
                  </Naming>
                </Region>
              <!-->
              End Pended Notification for End Shell
              <-->
              </Region>
            <!-->
            End End Shell
            <-->
            </Region>

            <!-->
            Logoff:
            Event-Based Start with provider=dbe9b383-7cf3-4331-91cc-a3cb16a3b538, id=801, version=0, and Event=3
            Event-Based Stop with provider=dbe9b383-7cf3-4331-91cc-a3cb16a3b538, id=802, version=0, and Event=3
                
            Additionally, only match start to stop if the PIDs are the same.
            
            Children:
              Subscribers for Logoff
              
            Begin Logoff
            <-->

            <Region Guid="{3F0622CA-4537-4419-8BCE-4FEB10AAF097}" Name="FastStartup-Suspend-Winlogon-Logoff" FriendlyName="Logoff">
              <Start>
                <Event Provider="{dbe9b383-7cf3-4331-91cc-a3cb16a3b538}" Id="801" Version="0"/>
                <PayloadIdentifier FieldName="Event" FieldValue ="3"/>
              </Start>
              <Stop>
                <Event Provider="{dbe9b383-7cf3-4331-91cc-a3cb16a3b538}" Id="802" Version="0"/>
                <PayloadIdentifier FieldName="Event" FieldValue ="3"/>
              </Stop>
              <Match>
                <Event PID="true"/>
              </Match>

              <!-->
              Subscribers for Logoff:
              Event-Based Start with provider=dbe9b383-7cf3-4331-91cc-a3cb16a3b538, id=805, version=0, and Event=3
              Event-Based Stop with provider=dbe9b383-7cf3-4331-91cc-a3cb16a3b538, id=806, version=0, and Event=3

              Instance based off payload field called "SubscriberName" in the start event.
              
              Children:
                Connect to Subscriber for Logoff
                Call Subscriber for Logoff
                Pended Notification for Logoff
                
              Begin Subscribers for Logoff
              <-->
              
              <Region Guid="{F466EE67-192C-4772-B13D-052CCD2D70B3}" Name="FastStartup-Suspend-Winlogon-Logoff-Subscribers" FriendlyName="Subscribers for Logoff">
                <Start>
                  <Event Provider="{dbe9b383-7cf3-4331-91cc-a3cb16a3b538}" Id="805" Version="0"/>
                  <PayloadIdentifier FieldName="Event" FieldValue ="3"/>
                </Start>
                <Stop>
                  <Event Provider="{dbe9b383-7cf3-4331-91cc-a3cb16a3b538}" Id="806" Version="0"/>
                  <PayloadIdentifier FieldName="Event" FieldValue ="3"/>
                </Stop>
                <Naming>
                  <PayloadBased NameField="SubscriberName"/>
                </Naming>

                <!-->
                Connect to Subscriber for Logoff
                Event-Based Start with provider=dbe9b383-7cf3-4331-91cc-a3cb16a3b538, id=809, and version=0
                Event-Based Stop with provider=dbe9b383-7cf3-4331-91cc-a3cb16a3b538, id=810, and version=0
                
                Additionally, only match start to stop if the PIDs are the same.
                Additionally, only match to a parent if the parent shares this same PID.
            
                Instance based off payload field called "SubscriberName" in the start event.
                <-->

                <Region Guid="{46DEFEC9-AC3F-4762-86F6-56E6B6295473}" Name="FastStartup-Suspend-Winlogon-Logoff-ConnectToSubscriber" FriendlyName="Connect to Subscriber for Logoff">
                  <Start>
                    <Event Provider="{dbe9b383-7cf3-4331-91cc-a3cb16a3b538}" Id="809" Version="0"/>
                  </Start>
                  <Stop>
                    <Event Provider="{dbe9b383-7cf3-4331-91cc-a3cb16a3b538}" Id="810" Version="0"/>
                  </Stop>
                  <Match>
                    <Event PID="true"/>
                    <Parent PID="true"/>
                  </Match>
                  <Naming>
                    <PayloadBased NameField="SubscriberName"/>
                  </Naming>
                </Region>

                <!-->
                Call Subscriber for Logoff
                Event-Based Start with provider=dbe9b383-7cf3-4331-91cc-a3cb16a3b538, id=811, version=0, and Event=3
                Event-Based Stop with provider=dbe9b383-7cf3-4331-91cc-a3cb16a3b538, id=812, version=0, and Event=3
                
                Additionally, only match start to stop if the PIDs are the same.
                Additionally, only match to a parent if the parent shares this same PID.
            
                Instance based off payload field called "SubscriberName" in the start event.
                <-->

                <Region Guid="{B2891DFB-0621-45af-B55B-17A781BEEE80}" Name="FastStartup-Suspend-Winlogon-Logoff-CallSubscriber" FriendlyName="Call Subscriber for Logoff">
                  <Start>
                    <Event Provider="{dbe9b383-7cf3-4331-91cc-a3cb16a3b538}" Id="811" Version="0"/>
                    <PayloadIdentifier FieldName="Event" FieldValue ="3"/>
                  </Start>
                  <Stop>
                    <Event Provider="{dbe9b383-7cf3-4331-91cc-a3cb16a3b538}" Id="812" Version="0"/>
                    <PayloadIdentifier FieldName="Event" FieldValue ="3"/>
                  </Stop>
                  <Match>
                    <Event PID="true"/>
                    <Parent PID="true"/>
                  </Match>
                  <Naming>
                    <PayloadBased NameField="SubscriberName"/>
                  </Naming>
                </Region>

                <!-->
                Pended Notification for Logoff
                Event-Based Start with provider=dbe9b383-7cf3-4331-91cc-a3cb16a3b538, id=809, version=0, and Event=3
                Event-Based Stop with provider=dbe9b383-7cf3-4331-91cc-a3cb16a3b538, id=810, version=0, and Event=3
                
                Additionally, only match start to stop if the field "SubscriberName" is the same.
                Additionally, only match to a parent if the parent shares this same "SubscriberName" field. 
            
                Instance based off payload field called "Message" in the start event.
                <-->

                <Region Guid="{00F052C0-2BCD-4c4a-8BC0-252AA6F9E9C5}" Name="FastStartup-Suspend-Winlogon-Logoff-NotificationPended" FriendlyName="Pended Notification for Logoff" >
                  <Start>
                    <Event Provider="{dbe9b383-7cf3-4331-91cc-a3cb16a3b538}"  Id="807" Version="0"/>
                    <PayloadIdentifier FieldName="Event" FieldValue ="3"/>
                  </Start>
                  <Stop>
                    <Event Provider="{dbe9b383-7cf3-4331-91cc-a3cb16a3b538}"  Id="812" Version="0"/>
                    <PayloadIdentifier FieldName="Event" FieldValue ="3"/>
                  </Stop>
                  <Match>
                    <Event>
                      <Payload FieldName="SubscriberName"/>
                    </Event>
                    <Parent>
                      <Payload FieldName="SubscriberName"/>
                    </Parent>
                  </Match>
                  <Naming>
                    <PayloadBased NameField="Message"/>
                  </Naming>
                </Region>
              <!-->
              End Subscibers for Logoff
              <-->
              </Region>
            <!-->
            End Logoff
            <-->
            </Region>

            <!-->
            Terminate Session:
            Event-Based Start with provider=dbe9b383-7cf3-4331-91cc-a3cb16a3b538, id=801, version=0, and Event=1
            Event-Based Stop with provider=dbe9b383-7cf3-4331-91cc-a3cb16a3b538, id=802, version=0, and Event=1
                
            Additionally, only match start to stop if the PIDs are the same.
            
            Children:
              Subscribers for Terminate Session
              
            Begin Terminate Session
            <-->

            <Region Guid="{9B3F1FCE-600E-4834-80DF-6091A1D6DEB8}" Name="FastStartup-Suspend-Winlogon-TerminateSession" FriendlyName="Terminate Session">
              <Start>
                <Event Provider="{dbe9b383-7cf3-4331-91cc-a3cb16a3b538}" Id="801" Version="0"/>
                <PayloadIdentifier FieldName="Event" FieldValue ="1"/>
              </Start>
              <Stop>
                <Event Provider="{dbe9b383-7cf3-4331-91cc-a3cb16a3b538}" Id="802" Version="0"/>
                <PayloadIdentifier FieldName="Event" FieldValue ="1"/>
              </Stop>
              <Match>
                <Event PID ="true"/>
              </Match>

              <!-->
              Subscribers for Terminate Session:
              Event-Based Start with provider=dbe9b383-7cf3-4331-91cc-a3cb16a3b538, id=805, version=0, and Event=1
              Event-Based Stop with provider=dbe9b383-7cf3-4331-91cc-a3cb16a3b538, id=806, version=0, and Event=1

              Instance based off payload field called "SubscriberName" in the start event.
              
              Children:
                Connect to Subscriber for Terminate Session
                Call Subscriber for Terminate Session
                Pended Notification for Terminate Session
                
              Begin Subscribers for Terminate Session
              <-->

              <Region Guid="{405FAB48-DE52-405a-8DB1-F4E3BEFA444D}" Name="FastStartup-Suspend-Winlogon-TerminateSession-Subscribers" FriendlyName="Subscribers for Terminate Session">
                <Start>
                  <Event Provider="{dbe9b383-7cf3-4331-91cc-a3cb16a3b538}" Id="805" Version="0"/>
                  <PayloadIdentifier FieldName="Event" FieldValue ="1"/>
                </Start>
                <Stop>
                  <Event Provider="{dbe9b383-7cf3-4331-91cc-a3cb16a3b538}" Id="806" Version="0"/>
                  <PayloadIdentifier FieldName="Event" FieldValue ="1"/>
                </Stop>

                <!-->
                Connect to Subscriber for Terminate Session
                Event-Based Start with provider=dbe9b383-7cf3-4331-91cc-a3cb16a3b538, id=809, and version=0
                Event-Based Stop with provider=dbe9b383-7cf3-4331-91cc-a3cb16a3b538, id=810, and version=0
                
                Additionally, only match start to stop if the PIDs are the same.
                Additionally, only match to a parent if the parent shares this same PID.
            
                Instance based off payload field called "SubscriberName" in the start event.
                <-->
                
                <Region Guid="{319F254D-1696-4188-A132-B172DD85D700}" Name="FastStartup-Suspend-Winlogon-TerminateSession-ConnectToSubscriber" FriendlyName="Connect to Subscriber for Terminate Session">
                  <Start>
                    <Event Provider="{dbe9b383-7cf3-4331-91cc-a3cb16a3b538}" Id="809" Version="0"/>
                  </Start>
                  <Stop>
                    <Event Provider="{dbe9b383-7cf3-4331-91cc-a3cb16a3b538}" Id="810" Version="0"/>
                  </Stop>
                  <Match>
                    <Event PID="true"/>
                    <Parent PID="true"/>
                  </Match>
                  <Naming>
                    <PayloadBased NameField="SubscriberName"/>
                  </Naming>
                </Region>

                <!-->
                Call Subscriber for Terminate Session
                Event-Based Start with provider=dbe9b383-7cf3-4331-91cc-a3cb16a3b538, id=811, version=0, and Event=1
                Event-Based Stop with provider=dbe9b383-7cf3-4331-91cc-a3cb16a3b538, id=812, version=0, and Event=1
                
                Additionally, only match start to stop if the PIDs are the same.
                Additionally, only match to a parent if the parent shares this same PID.
            
                Instance based off payload field called "SubscriberName" in the start event.
                <-->
                
                <Region Guid="{7893E580-71B0-48e0-BFD0-AE0F2BCE4AC0}" Name="FastStartup-Suspend-Winlogon-TerminateSession-CallSubscriber" FriendlyName="Call Subscriber for Terminate Session">
                  <Start>
                    <Event Provider="{dbe9b383-7cf3-4331-91cc-a3cb16a3b538}" Id="811" Version="0" />
                    <PayloadIdentifier FieldName="Event" FieldValue ="1"/>
                  </Start>
                  <Stop>
                    <Event Provider="{dbe9b383-7cf3-4331-91cc-a3cb16a3b538}" Id="812" Version="0" />
                    <PayloadIdentifier FieldName="Event" FieldValue ="1"/>
                  </Stop>
                  <Match>
                    <Event PID="true"/>
                    <Parent PID="true"/>
                  </Match>
                  <Naming>
                    <PayloadBased NameField="SubscriberName"/>
                  </Naming>
                </Region>

                <!-->
                Pended Notification for Terminate Session
                Event-Based Start with provider=dbe9b383-7cf3-4331-91cc-a3cb16a3b538, id=809, version=0, and Event=3
                Event-Based Stop with provider=dbe9b383-7cf3-4331-91cc-a3cb16a3b538, id=810, version=0, and Event=3
                
                Additionally, only match start to stop if the field "SubscriberName" is the same.
                Additionally, only match to a parent if the parent shares this same "SubscriberName" field. 
            
                Instance based off payload field called "Message" in the start event.
                <-->

                <Region Guid="{88FAA4C2-B25F-42e7-BE1B-DA98008E0CDD}" Name="FastStartup-Suspend-Winlogon-TerminateSession-NotificationPended" FriendlyName="Pended Notification for Terminate Session">
                  <Start>
                    <Event Provider="{dbe9b383-7cf3-4331-91cc-a3cb16a3b538}" Id="807" Version="0"/>
                    <PayloadIdentifier FieldName="Event" FieldValue ="1"/>
                  </Start>
                  <Stop>
                    <Event Provider="{dbe9b383-7cf3-4331-91cc-a3cb16a3b538}" Id="812" Version="0"/>
                    <PayloadIdentifier FieldName="Event" FieldValue ="1"/>
                  </Stop>
                  <Match>
                    <Event>
                      <Payload FieldName="SubscriberName"/>
                    </Event>
                    <Parent>
                      <Payload FieldName="SubscriberName"/>
                    </Parent>
                  </Match>
                  <Naming>
                    <PayloadBased NameField="Message"/>
                  </Naming>
                </Region>
                <!-->
                End Subscribers for Terminate Session
                <-->
              </Region>
            <!-->
            End Terminate Session
            <-->
            </Region>
          <!-->
          End Winlogon Notifications
          <-->
          </Region>
          
          <!-->
          Shutdown Processes:
          Children:
             Shutdown Process
             
          Begin Shutdown Processes Container
          <-->

          <Region Guid="{d8d639a0-cf4c-45fb-976a-000000000300}" Name="FastStartup-Suspend-ShutdownProcesses-Phase" FriendlyName="Shutdown Processes">
            
            <!-->
            Shutdown Process
            Event-Based Start with provider=9d55b53d-449b-4824-a637-24f9d69aa02f, id=12009, and version=1
            Event-Based Stop with provider=9d55b53d-449b-4824-a637-24f9d69aa02f, id=12010, and version=1
              
            Additionally, only match start to stop if the field "ProcessId" is the same.
              
            Instance based off payload field called "ProcessId" In the start event. This field is of type PID and will have a proces name associated with it as well as ID. 
            <-->

            <Region Guid="{d8d639a0-0000-0000-0000-000000000301}" Name="FastStartup-Suspend-ShutdownProcesses-Process" FriendlyName="Shutdown Process">
              <Start>
                <Event Provider="{9d55b53d-449b-4824-a637-24f9d69aa02f}" Id="12009" Version="1" />
              </Start>
              <Stop>
                <Event Provider="{9d55b53d-449b-4824-a637-24f9d69aa02f}" Id="12010" Version="1"/>
              </Stop>
              <Match>
                <Event>
                  <Payload FieldName="ProcessId"/>
                </Event>
              </Match>
              <Naming>
                <PayloadBased NameField="ProcessId" Type="Pid"/>
              </Naming>
            </Region>
          <!-->
          End Shutdown Processes
          <-->
          </Region>

          <!-->
          Suspend Processes:
          
          Event-Based Start with provider=31c3b3a-2005-44c2-ac5e-77220c37d6b4, id=22, and version=0
          Event-Based Stop with provider=31c3b3a-2005-44c2-ac5e-77220c37d6b4, id=23, and version=0
          
          Additionally, only match start to stop if the PIDs are the same.
                
          Children:
             Suspend Process
          <-->

          <Region Guid="{d8d639a0-cf4c-45fb-976a-000000000000}" Name="FastStartup-Suspend-Apps-Phase" FriendlyName="Suspend Processes">
            <Start>
              <Event Provider="{331c3b3a-2005-44c2-ac5e-77220c37d6b4}" Id="22" Version="0"/>
            </Start>
            <Stop>
              <Event Provider="{331c3b3a-2005-44c2-ac5e-77220c37d6b4}" Id="23" Version="0"/>
            </Stop>
            <Match>
              <Event PID="true"/>
            </Match>

            <!-->
            Suspend Process
              Event-Based Start with provider=331c3b3a-2005-44c2-ac5e-77220c37d6b4, id=16, and version=1
              Event-Based Stop with provider=331c3b3a-2005-44c2-ac5e-77220c37d6b4, id=17, and version=1
              
              Additionally, only match start to stop if the field "Pid" is the same.
              
              Instance based off payload field called "Pid" In the start event. This field is of type PID and will have a proces name associated with it as well as ID. 
            <-->

            <Region Guid="{d8d639a0-0000-0000-0000-000000000001}" Name="FastStartup-Suspend-Apps-App" FriendlyName="Suspend Process">
              <Start>
                <Event Provider="{331c3b3a-2005-44c2-ac5e-77220c37d6b4}" Id="16" Version="0"/>
              </Start>
              <Stop>
                <Event Provider="{331c3b3a-2005-44c2-ac5e-77220c37d6b4}" Id="17" Version="0"/>
              </Stop>
              <Match>
                <Event>
                  <Payload FieldName="Pid"/>
                </Event>
              </Match>
              <Naming>
                <PayloadBased NameField="Pid" Type="Pid"/>
              </Naming>
            </Region>
          <!-->
          End Suspend Processes
          <-->
          </Region>

          <!-->
          Suspend Services:
          
          Event-Based Start with provider=31c3b3a-2005-44c2-ac5e-77220c37d6b4, id=24, and version=0
          Event-Based Stop with provider=31c3b3a-2005-44c2-ac5e-77220c37d6b4, id=25, and version=0
          
          Additionally, only match start to stop if the PIDs are the same.
                
          Children:
             Suspend Service
             
          Begin Suspend Services
          <-->

          <Region Guid="{d8d639a0-cf4c-45fb-976a-000000000002}" Name="FastStartup-Suspend-Services-Phase" FriendlyName="Suspend Services">
            <Start>
              <Event Provider="{331c3b3a-2005-44c2-ac5e-77220c37d6b4}" Id="24" Version="0"/>
            </Start>
            <Stop>
              <Event Provider="{331c3b3a-2005-44c2-ac5e-77220c37d6b4}" Id="25" Version="0"/>
            </Stop>
            <Match>
              <Event PID="true"/>
            </Match>

            <!-->
            Suspend Service
              Event-Based Start with provider=331c3b3a-2005-44c2-ac5e-77220c37d6b4, id=18, and version=1
              Event-Based Stop with provider=331c3b3a-2005-44c2-ac5e-77220c37d6b4, id=19, and version=1
              
              Additionally, only match start to stop if the field "Name" is the same.
              
              Instance based off payload field called "Name" in the start event.
            <-->

            <Region Guid="{d8d639a0-0000-0000-0000-000000000003}" Name="FastStartup-Suspend-Services-Service" FriendlyName="Suspend Service">
              <Start>
                <Event Provider="{331c3b3a-2005-44c2-ac5e-77220c37d6b4}" Id="18" Version="0"/>
              </Start>
              <Stop>
                <Event Provider="{331c3b3a-2005-44c2-ac5e-77220c37d6b4}" Id="19" Version="0"/>
              </Stop>
              <Match>
                <Event>
                  <Payload FieldName="Name"/>
                </Event>
              </Match>
              <Naming>
                <PayloadBased NameField="Name"/>
              </Naming>
            </Region>
          <!-->
          End Suspend Services
          <-->
          </Region>

          <!-->
          Superfetch Prepare Memory
          Event-Based Start with provider=331c3b3a-2005-44c2-ac5e-77220c37d6b4, id=64, and version=0
          Event-Based Stop with provider=331c3b3a-2005-44c2-ac5e-77220c37d6b4, id=65, and version=0
              
          Additionally, only match start to stop if the PIDs are the same.
          <-->
          <Region Guid="{d8d639a0-cf4c-45fb-976a-000000000005}" Name="FastStartup-Suspend-Superfetch-PageIn" FriendlyName="Superfetch Prepare Memory">
            <Start>
              <Event Provider="{331c3b3a-2005-44c2-ac5e-77220c37d6b4}" Id="64" Version="0"/>
            </Start>
            <Stop>
              <Event Provider="{331c3b3a-2005-44c2-ac5e-77220c37d6b4}" Id="65" Version="0"/>
            </Stop>
            <Match>
              <Event PID="true"/>
            </Match>
          </Region>

          <!-->
          Pre-Sleep Callbacks
          Event-Based Start with provider=331c3b3a-2005-44c2-ac5e-77220c37d6b4, id=68, and version=0
          Event-Based Stop with provider=331c3b3a-2005-44c2-ac5e-77220c37d6b4, id=69, and version=0
              
          Additionally, only match start to stop if the PIDs are the same.
          <-->
          
          <Region Guid="{d8d639a0-cf4c-45fb-976a-000000000008}" Name="FastStartup-Suspend-PreSleepCallbacks" FriendlyName="Pre-Sleep Callbacks">
            <Start>
              <Event Provider="{331c3b3a-2005-44c2-ac5e-77220c37d6b4}" Id="68" Version="0"/>
            </Start>
            <Stop>
              <Event Provider="{331c3b3a-2005-44c2-ac5e-77220c37d6b4}" Id="69" Version="0"/>
            </Stop>
            <Match>
              <Event PID="true"/>
            </Match>
          </Region>

          <!-->
          Worker Threads Swap-In
          Event-Based Start with provider=331c3b3a-2005-44c2-ac5e-77220c37d6b4, id=69, and version=0
          Event-Based Stop with provider=331c3b3a-2005-44c2-ac5e-77220c37d6b4, id=35, version=0, and Query="true"
              
          Additionally, only match start to stop if the PIDs are the same.
          <-->

          <Region Guid="{d8d639a0-cf4c-45fb-976a-000000000009}" Name="FastStartup-Suspend-SwapInWorkerThreads" FriendlyName="Worker Threads Swap-in">
            <Start>
              <Event Provider="{331c3b3a-2005-44c2-ac5e-77220c37d6b4}"  Id="69" Version="0"/>
            </Start>
            <Stop>
              <Event Provider="{331c3b3a-2005-44c2-ac5e-77220c37d6b4}"  Id="35" Version="0"/>
              <PayloadIdentifier FieldName="Query" FieldValue="true"/>
            </Stop>
            <Match>
              <Event PID="true"/>
            </Match>
          </Region>

          <!-->
          Flush Storage Volumes
          Event-Based Start with provider=331c3b3a-2005-44c2-ac5e-77220c37d6b4, id=36, and version=0
          Event-Based Stop with provider=331c3b3a-2005-44c2-ac5e-77220c37d6b4, id=35, version=0, and Query="false"
              
          Additionally, only match start to stop if the PIDs are the same.
          <-->

          <Region Guid="{d8d639a0-cf4c-45fb-976a-00000000000a}" Name="FastStartup-Suspend-FlushVolumes" FriendlyName="Flush Storage Volumes">
            <Start>
              <Event Provider="{331c3b3a-2005-44c2-ac5e-77220c37d6b4}"  Id="36" Version="0"/>
            </Start>
            <Stop>
              <Event Provider="{331c3b3a-2005-44c2-ac5e-77220c37d6b4}"  Id="35" Version="0"/>
              <PayloadIdentifier FieldName="Query" FieldValue="false"/>
            </Stop>
            <Match>
              <Event PID="true"/>
            </Match>
          </Region>

          <!-->
          Query Devices:
          
          Event-Based Start with provider=331c3b3a-2005-44c2-ac5e-77220c37d6b4, id=35, version=0 and Query="true"
          Event-Based Stop with provider=331c3b3a-2005-44c2-ac5e-77220c37d6b4, id=36, and version=0
              
          Additionally, only match start to stop if the PIDs are the same.
          
          Children:
            Query Device
            
          Begin Query Devices
          <-->

          <Region Guid="{d8d639a0-cf4c-45fb-976a-00000000000b}" Name="FastStartup-Suspend-QueryDevices-Phase" FriendlyName="Query Devices">
            <Start>
              <Event Provider="{331c3b3a-2005-44c2-ac5e-77220c37d6b4}"  Id="35" Version="0"/>
              <PayloadIdentifier FieldName="Query" FieldValue="true"/>
            </Start>
            <Stop>
              <Event Provider="{331c3b3a-2005-44c2-ac5e-77220c37d6b4}"  Id="36" Version="0"/>
            </Stop>
            <Match>
              <Event PID="true"/>
            </Match>

            <!-->
            Query Device:
          
            Event-Based Start with provider=331c3b3a-2005-44c2-ac5e-77220c37d6b4, id=7, version=1, MinorFunction="3" and PowerStateType="0"
            Event-Based Stop with provider=331c3b3a-2005-44c2-ac5e-77220c37d6b4, id=8, and version=0
              
            Additionally, only match start to stop if the field "Irp" is the same.
            
            Instance based off payload field called "InstanceName" in the start event. This is of type Device and will have a device description, name, and ID associated with it. 
            <-->

            <Region Guid="{d8d639a0-0000-0000-0000-00000000000e}" Name="FastStartup-Suspend-QueryDevices-Device" FriendlyName="Query Device"  >
              <Start>
                <Event Provider="{331c3b3a-2005-44c2-ac5e-77220c37d6b4}"  Id="7" Version="1"/>
                <PayloadIdentifier FieldName="MinorFunction" FieldValue="3"/>
                <PayloadIdentifier FieldName="PowerStateType" FieldValue="0"/>
              </Start>
              <Stop>
                <Event Provider="{331c3b3a-2005-44c2-ac5e-77220c37d6b4}"  Id="8" Version="0"/>
              </Stop>
              <Match>
                <Event>
                  <Payload FieldName="Irp"/>
                </Event>
              </Match>
              <Naming>
                <PayloadBased NameField="InstanceName" Type="Device"/>
              </Naming>
            </Region>
          <!-->
          End Query Devices
          <-->
          </Region>

          <!-->
          Suspend Devices:
          
          Event-Based Start with provider=331c3b3a-2005-44c2-ac5e-77220c37d6b4, id=35, version=0 and Query="false"
          Event-Based Stop with provider=331c3b3a-2005-44c2-ac5e-77220c37d6b4, id=36, and version=0
              
          Additionally, only match start to stop if the PIDs are the same.
          
          Children:
            Suspend Device
            
          Begin Suspend Devices
          <-->

          <Region Guid="{5E81D74C-0CCC-43f9-8119-953F827BCD12}" Name="FastStartup-Suspend-Devices-Phase" FriendlyName="Suspend Devices">
            <Start>
              <Event Provider="{331c3b3a-2005-44c2-ac5e-77220c37d6b4}"  Id="35" Version="0"/>
              <PayloadIdentifier FieldName="Query" FieldValue="false"/>
            </Start>
            <Stop>
              <Event Provider="{331c3b3a-2005-44c2-ac5e-77220c37d6b4}"  Id="36" Version="0"/>
            </Stop>
            <Match>
              <Event PID="true"/>
            </Match>

            <!-->
            Suspend Device:
          
            Event-Based Start with provider=331c3b3a-2005-44c2-ac5e-77220c37d6b4, id=7, version=1, MinorFunction="2" and PowerStateType="0"
            Event-Based Stop with provider=331c3b3a-2005-44c2-ac5e-77220c37d6b4, id=8, and version=0
              
            Additionally, only match start to stop if the field "Irp" is the same.
            
            Instance based off payload field called "InstanceName" in the start event. This is of type Device and will have a device description, name, and ID associated with it. 
            <-->

            <Region Guid="{d8d639a0-0000-0000-0000-00000000000d}" Name="FastStartup-Suspend-Devices-Device" FriendlyName="Suspend Device">
              <Start>
                <Event Provider="{331c3b3a-2005-44c2-ac5e-77220c37d6b4}"  Id="7" Version="1"/>
                <PayloadIdentifier FieldName="MinorFunction" FieldValue="2" />
                <PayloadIdentifier FieldName="PowerStateType" FieldValue="0" />
              </Start>
              <Stop>
                <Event Provider="{331c3b3a-2005-44c2-ac5e-77220c37d6b4}"  Id="8" Version="0" />
              </Stop>
              <Match>
                <Event>
                  <Payload FieldName="Irp"/>
                </Event>
              </Match>
              <Naming>
                <PayloadBased NameField="InstanceName" Type="Device"/>
              </Naming>
            </Region>
          </Region>
          
          <!-->
          Total Hiberfile Write:
          Children:
            Hiberfile Initialization
            Hiberfile Write
            
          Begin Total Hiberfile Write Container
          <-->

          <Region Guid="{BFDF0516-CAA9-4b3a-A480-8FBA9146A34A}" Name="FastStartup-Suspend-HiberFileTime" FriendlyName="Total Hiberfile Write">

            <!-->
            Hiberfile Initialization:
            
            Region-Based Start based off the stop of region: 5E81D74C-0CCC-43f9-8119-953F827BCD1 (Suspend Devices)
            Region-Based Stop based off the start of region: 7D6BA3F6-BC04-4776-8A7F-93CF7F4E2B6D (Hiberfile Write)
            <-->

            <Region Guid="{93783B2C-A67F-49cb-89BC-BF305D7E2CEA}" Name="FastStartup-Suspend-HiberInitTime" FriendlyName="Hiberfile Initialization">
              <Start>
                <Region  RegionGuid="{5E81D74C-0CCC-43f9-8119-953F827BCD12}"/>
              </Start>
              <Stop>
                <Region RegionGuid="{7D6BA3F6-BC04-4776-8A7F-93CF7F4E2B6D}"/>
              </Stop>
            </Region>

            <!-->
            Hiberfile Write:
            
            Duration-Based Start, subtract the duration * 1000000 found in payload field "TotalHibernateTime" of event provider=331c3b3a-2005-44c2-ac5e-77220c37d6b4, id=117, and version=0 from the Stop.
            Region-Based Stop based off the start of region: EC1BB2D9-4AA8-4d82-84AA-6042FF4CFBE3 (Powered Off/ Sleeping)
            <-->

            <Region Guid="{7D6BA3F6-BC04-4776-8A7F-93CF7F4E2B6D}" Name="FastStartup-Suspend-WriteHiberFile" FriendlyName="Hiberfile Write">
              <Start>
                <Duration Provider="{331c3b3a-2005-44c2-ac5e-77220c37d6b4}" Id="117" Version="0" Duration="HiberHiberFileTime"  Multiplier="1000000"/>
              </Start>
              <Stop>
                <Region RegionGuid="{EC1BB2D9-4AA8-4d82-84AA-6042FF4CFBE3}"/>
              </Stop>
            </Region>
          <!-->
          End Total Hiberfile Write
          <-->
          </Region>

          <!-->
          System Suspend:
            
          Event-Based Start with provider=331c3b3a-2005-44c2-ac5e-77220c37d6b4, id=1, and version=0
          Duration-Based Stop, add the duration * 1000000 found in payload field "TotalHibernateTime" of event provider=331c3b3a-2005-44c2-ac5e-77220c37d6b4, id=117, and version=0 to the Start
          <-->

          <Region Guid="{B9551085-F8D2-4131-A4B4-535FDC48E949}" Name="FastStartup-Hibernate-Total" FriendlyName="System Suspend">
            <Start>
              <Event Provider="{331c3b3a-2005-44c2-ac5e-77220c37d6b4}"  Id="1" Version="0"/>
            </Start>
            <Stop>
              <Duration Provider="{331c3b3a-2005-44c2-ac5e-77220c37d6b4}" Id="117" Version="0" Duration="TotalHibernateTime" Multiplier="1000000"/>
            </Stop>
          </Region>
        <!-->
        End Overall Shutdown
        <-->
        </Region>

        <!-->
        Powered Off/Sleeping:
            
        Region-Based Start based off the stop of region: B9551085-F8D2-4131-A4B4-535FDC48E949 (System Suspend)
        Region-Based Stop based off the start of region: d8d639a0-cf4c-45fb-976a-000006002000 (Powered On to Kernel Resume Complete)
        <-->

        <Region Guid="{EC1BB2D9-4AA8-4d82-84AA-6042FF4CFBE3}" Name="FastStartup-Powered-Down" FriendlyName="Powered Off/Sleeping">
          <Start>
            <Region RegionGuid="{B9551085-F8D2-4131-A4B4-535FDC48E949}"/>
          </Start>
          <Stop>
            <Region RegionGuid="{d8d639a0-cf4c-45fb-976a-000006002000}"/>
          </Stop>
        </Region>

        <!-->
        BIOS Initialization:
            
        Region-Based Start based off the stop of region: EC1BB2D9-4AA8-4d82-84AA-6042FF4CFBE3 (Powered Off/Sleeping)
        Duration-Based Stop, add the duration * 1000000 found in payload field "POSTTime" of event provider=331c3b3a-2005-44c2-ac5e-77220c37d6b4, id=117, and version=0 to the Start
        <-->

        <Region Guid="{B5243DEF-E83B-450f-99EC-BFCE45D449BC}" Name="FastStartup-Resume-BIOS" FriendlyName="BIOS Initialization">
          <Start>
            <Region RegionGuid="{EC1BB2D9-4AA8-4d82-84AA-6042FF4CFBE3}"/>
          </Start>
          <Stop>
            <Duration Provider="{331c3b3a-2005-44c2-ac5e-77220c37d6b4}" Id="117" Version="0" Duration="POSTTime" Multiplier="1000000" />
          </Stop>
        </Region>

        <!-->
        Firmware POST Duration:
            
        Region-Based Start based off the stop of region: EC1BB2D9-4AA8-4d82-84AA-6042FF4CFBE3 (Powered Off/Sleeping)
        Duration-Based Stop, add the duration * 1000000 found in payload field "StartOSImageStart" of event provider=15ca44ff-4d7a-4baa-bba5-0998955e531e, id=30, and version=0 to the Start
        <-->

        <Region Guid="{6561933E-449F-4d47-9C02-87295C9632BD}" Name="FastStartup-Resume-FwPostTime" FriendlyName="Firmware POST Duration">
          <Start>
            <Region RegionGuid="{EC1BB2D9-4AA8-4d82-84AA-6042FF4CFBE3}"/>
          </Start>
          <Stop>
            <Duration  Provider="{15ca44ff-4d7a-4baa-bba5-0998955e531e}" Id="30" Version="0" Duration="StartOSImageStart" Multiplier="1000000" />
          </Stop>
        </Region>

        <!-->
        Powered On to Kernel Resume Complete:

        Duration-Based Start, subtract the duration * 1000000 found in payload field "StartOSImageStart" of event provider=331c3b3a-2005-44c2-ac5e-77220c37d6b4, id=117, and version=0 from the Stop
        Event-Based stop with provider=331c3b3a-2005-44c2-ac5e-77220c37d6b4, id=117, and version=0
        <-->
        
        <Region Guid="{d8d639a0-cf4c-45fb-976a-000006002000}" Name="FastStartup-Resume-PoweredOnToKernelResumeComplete" FriendlyName="Powered On to Kernel Resume Complete">
          <Start>
            <Duration Provider="{331c3b3a-2005-44c2-ac5e-77220c37d6b4}" Id="117" Version="0" Duration="TotalResumeTime" Multiplier="1000000" />
          </Start>
          <Stop>
            <Event Provider="{331c3b3a-2005-44c2-ac5e-77220c37d6b4}" Id="117" Version="0"/>
          </Stop>
        </Region>

        <!-->
        Total Boot [Excluding BIOS]
        Children:
          Boot Main Path

        Begin Total Boot [Excluding BIOS] Container
        <-->
        
        <Region Guid="{3E6F217A-5C2F-4126-993F-69BC46A6A881}" Name="FastStartup-Resume-Overall-Time" FriendlyName="Total Boot [Excluding BIOS]">

          <!-->
          Boot Main Path
          Children:
            Boot Manager
            Hiberfile Read
            Resume Devices
            Resume Components
            Operating System Selection Menu
            Winlogon Resume
            Explorer Initialization

          Begin Boot Main Path Container
          <-->

          <Region Guid="{2E0B9837-6FE0-4873-9C89-46BCCCB8C222}" Name="FastStartup-Resume-MainPath-Time" FriendlyName="Boot Main Path">

            <!-->
            Boot Manager:
            
            Region-Based Start based off the stop of region: B5243DEF-E83B-450f-99EC-BFCE45D449BC (BIOS Iniitalization)
            Duration-Based Stop, add the duration * 1000000 found in payload field "ResumeBootMgrTime" of event provider=331c3b3a-2005-44c2-ac5e-77220c37d6b4, id=117, and version=0 to the Start
            <-->
            
            <Region Guid="{d8d639a0-cf4c-45fb-976a-000002002000}" Name="FastStartup-Resume-BootMgr" FriendlyName="Boot Manager">
              <Start>
                <Region RegionGuid="{B5243DEF-E83B-450f-99EC-BFCE45D449BC}"/>
              </Start>
              <Stop>
                <Duration Provider="{331c3b3a-2005-44c2-ac5e-77220c37d6b4}" Id="117" Version="0" Duration="ResumeBootMgrTime" Multiplier="1000000" />
              </Stop>
            </Region>

            <!-->
            Hiberfile Read
            Children:
              Resume Application
              Kernel Hiberfile Read

            Begin Hiberfile Read Container
            <-->

            <Region Guid="{40B4F094-C0AA-4d3d-B7F0-0764C005D4B8}" Name="FastStartup-Resume-ReadHiberFile" FriendlyName="Hiberfile Read">

              <!-->
              Resume Application:
            
              Region-Based Start based off the stop of region: d8d639a0-cf4c-45fb-976a-000003002000 (Boot Manager)
              Duration-Based Stop, add the duration * 1000000 found in payload field "ResumeAppTime" of event provider=331c3b3a-2005-44c2-ac5e-77220c37d6b4, id=117, and version=0 to the Start
              <-->

              <Region Guid="{d8d639a0-cf4c-45fb-976a-000003002000}" Name="FastStartup-Resume-Winresume" FriendlyName="Resume Application">
                <Start>
                  <Region RegionGuid="{d8d639a0-cf4c-45fb-976a-000002002000}"/>
                </Start>
                <Stop>
                  <Duration Provider="{331c3b3a-2005-44c2-ac5e-77220c37d6b4}" Id="117" Version="0" Duration="ResumeAppTime" Multiplier="1000000" />
                </Stop>
              </Region>

              <!-->
              Kernel Hiberfile Read:
            
              Region-Based Start based off the stop of region: d8d639a0-cf4c-45fb-976a-000003002000 (Boot Manager)
              Duration-Based Stop, add the duration * 1000000 found in payload field "KernelResumeHiberFileTime" of event provider=331c3b3a-2005-44c2-ac5e-77220c37d6b4, id=117, and version=0 to the Start
              <-->

              <Region Guid="{d8d639a0-cf4c-45fb-976a-000004002000}" Name="FastStartup-Resume-KernelPhase" FriendlyName="Kernel Hiberfile Read">
                <Start>
                  <Region RegionGuid="{d8d639a0-cf4c-45fb-976a-000003002000}"/>
                </Start>
                <Stop>
                  <Duration Provider="{331c3b3a-2005-44c2-ac5e-77220c37d6b4}" Id="117" Version="0" Duration="KernelResumeHiberFileTime" Multiplier="1000000"/>
                </Stop>
              </Region>
            <!-->
            End Hiberfile Read
            <-->
            </Region>

            <!-->
            Resume Devices:
            
            Event-Based Start with provider=331c3b3a-2005-44c2-ac5e-77220c37d6b4, id=37, and version=0
            Event-Based Stop with provider=331c3b3a-2005-44c2-ac5e-77220c37d6b4, id=38, and version=0
            
            Additionally, only match start to stop if the PIDs are the same.
            
            Children:
              Resume Device
              
            Begin Resume Devices
            <-->
            
            <Region Guid="{d8d639a0-cf4c-45fb-976a-000000010000}" Name="FastStartup-Resume-Devices-Phase" FriendlyName="Resume Devices">
              <Start>
                <Event Provider="{331c3b3a-2005-44c2-ac5e-77220c37d6b4}" Id="37" Version="0"/>
              </Start>
              <Stop>
                <Event Provider="{331c3b3a-2005-44c2-ac5e-77220c37d6b4}" Id="38" Version="0"/>
              </Stop>
              <Match>
                <Event PID="true"/>
              </Match>

              <!-->
              Resume Device:
            
              Event-Based Start with provider=331c3b3a-2005-44c2-ac5e-77220c37d6b4, id=7, version=1, MinorFunction=2, PowerStateType=0
              Event-Based Stop with provider=331c3b3a-2005-44c2-ac5e-77220c37d6b4, id=8, and version=0
            
              Additionally, only match start to stop if the field "Irp" is the same.
              
              Instance based off payload field called "InstanceName" in the start event. This is of type Device and will have a device description, name, and ID associated with it.               
              <-->

              <Region Guid="{d8d639a0-0000-0000-0000-00000001000d}" Name="FastStartup-Resume-Devices-Device" FriendlyName="Resume Device">
                <Start>
                  <Event Provider="{331c3b3a-2005-44c2-ac5e-77220c37d6b4}" Id="7" Version="1"/>
                  <PayloadIdentifier FieldName="MinorFunction" FieldValue="2"/>
                  <PayloadIdentifier FieldName="PowerStateType" FieldValue="0" />
                </Start>
                <Stop>
                  <Event Provider="{331c3b3a-2005-44c2-ac5e-77220c37d6b4}" Id="8" Version="0"/>
                </Stop>
                <Match>
                  <Event>
                    <Payload FieldName="Irp"/>
                  </Event>
                </Match>
                <Naming>
                  <PayloadBased NameField="InstanceName" Type="Device"/>
                </Naming>
              </Region>
            <!-->
            End Resume Devices
            <-->
            </Region>

            <!-->
            Resume Components:
            
            Event-Based Start with provider=331c3b3a-2005-44c2-ac5e-77220c37d6b4, id=38, and version=0
            Event-Based Stop with provider=331c3b3a-2005-44c2-ac5e-77220c37d6b4, id=2, and version=0
            <-->
            
            <Region Guid="{30E09274-4681-4215-B471-A1637050C8F4}" Name="FastStartup-Resume-Components" FriendlyName="Resume Components">
              <Start>
                <Event Provider="{331c3b3a-2005-44c2-ac5e-77220c37d6b4}" Id="38" Version="0"/>
              </Start>
              <Stop>
                <Event Provider="{331c3b3a-2005-44c2-ac5e-77220c37d6b4}" Id="2" Version="0"/>
              </Stop>
            </Region>

            <!-->
            Operating System Selection Menu:
            
            Event-Based Start with provider=67d781bd-cbd2-4bd2-ad1f-6152fb891246, id=1000, and version=0
            Event-Based Stop with provider=67d781bd-cbd2-4bd2-ad1f-6152fb891246, id=1001, and version=0
            
            Additionally, only match start to stop if the PIDs are the same.
            <-->
            
            <Region Guid="{67FEC554-A6CC-4b6f-A941-4CA449AA4ED3}" Name="FastStartup-Resume-OsSelectionMenu" FriendlyName="Operating System Selection Menu">
              <Start>
                <Event Provider="{67d781bd-cbd2-4bd2-ad1f-6152fb891246}" Id="1000" Version="0"/>
              </Start>
              <Stop>
                <Event Provider="{67d781bd-cbd2-4bd2-ad1f-6152fb891246}" Id="1001" Version="0"/>
              </Stop>
              <Match>
                <Event PID="true"/>
              </Match>
            </Region>

            <!-->
            Winlogon Resume:
            
            Event-Based Start with provider=dbe9b383-7cf3-4331-91cc-a3cb16a3b538, id=202, and version=0
            Event-Based Stop with provider=dbe9b383-7cf3-4331-91cc-a3cb16a3b538, id=10, and version=0
            
            Additionally, only match start to stop if the PIDs are the same.
            
            Children:
              Request Credentials
              Authenticate User
              Prepare Themes
              Notify DWM
              Notify Themes
              Check License
              Restore Network Connections
              Logon
              Start Shell
              
              Begin Winlogon Resume
            <-->

            <Region Guid="{d8d639a0-cf4c-45fb-976a-000000000100}" Name="FastStartup-Resume-Winlogon-Phase" FriendlyName="Winlogon Resume">
              <Start>
                <Event Provider="{dbe9b383-7cf3-4331-91cc-a3cb16a3b538}" Id="202" Version="0"/>
              </Start>
              <Stop>
                <Event Provider="{dbe9b383-7cf3-4331-91cc-a3cb16a3b538}" Id="10" Version="0"/>
              </Stop>
              <Match>
                <Event PID="true"/>
              </Match>

              <!-->
              Request Credentials:
            
              Event-Based Start with provider=dbe9b383-7cf3-4331-91cc-a3cb16a3b538, id=203, and version=0
              Event-Based Stop with provider=dbe9b383-7cf3-4331-91cc-a3cb16a3b538, id=204, and version=0
            
              Additionally, only match start to stop if the PIDs are the same.
              <-->

              <Region Guid="{d8d639a0-0000-0000-0000-000000000101}" Name="FastStartup-Resume-Winlogon-Request Credentials" FriendlyName="Request Credentials">
                <Start>
                  <Event Provider="{dbe9b383-7cf3-4331-91cc-a3cb16a3b538}" Id="203" Version="0"/>
                </Start>
                <Stop>
                  <Event Provider="{dbe9b383-7cf3-4331-91cc-a3cb16a3b538}" Id="204" Version="0"/>
                </Stop>
                <Match>
                  <Event PID="true"/>
                </Match>
              </Region>

              <!-->
              Authenticate User:
            
              Event-Based Start with provider=dbe9b383-7cf3-4331-91cc-a3cb16a3b538, id=1, and version=0
              Event-Based Stop with provider=dbe9b383-7cf3-4331-91cc-a3cb16a3b538, id=2, and version=0
            
              Additionally, only match start to stop if the PIDs are the same.
              <-->

              <Region Guid="{d8d639a0-0000-0000-0000-000000000102}" Name="FastStartup-Resume-Winlogon-AuthenticateUser" FriendlyName="Authenticate User">
                <Start>
                  <Event Provider="{dbe9b383-7cf3-4331-91cc-a3cb16a3b538}"  Id="1" Version="0"/>
                </Start>
                <Stop>
                  <Event Provider="{dbe9b383-7cf3-4331-91cc-a3cb16a3b538}"  Id="2" Version="0"/>
                </Stop>
                <Match>
                  <Event PID="true"/>
                </Match>
              </Region>

              <!-->
              Prepare Themes:
            
              Event-Based Start with provider=dbe9b383-7cf3-4331-91cc-a3cb16a3b538, id=11, and version=0
              Event-Based Stop with provider=dbe9b383-7cf3-4331-91cc-a3cb16a3b538, id=12, and version=0
            
              Additionally, only match start to stop if the PIDs are the same.
              <-->

              <Region Guid="{d8d639a0-0000-0000-0000-000000000105}" Name="FastStartup-Resume-Winlogon-ThemesOnLogonPre" FriendlyName="Prepare Themes">
                <Start>
                  <Event Provider="{dbe9b383-7cf3-4331-91cc-a3cb16a3b538}"  Id="11" Version="0"/>
                </Start>
                <Stop>
                  <Event Provider="{dbe9b383-7cf3-4331-91cc-a3cb16a3b538}"  Id="12" Version="0"/>
                </Stop>
                <Match>
                  <Event PID="true"/>
                </Match>
              </Region>

              <!-->
              Notify DWM:
            
              Event-Based Start with provider=dbe9b383-7cf3-4331-91cc-a3cb16a3b538, id=67, and version=0
              Event-Based Stop with provider=dbe9b383-7cf3-4331-91cc-a3cb16a3b538, id=68, and version=0
            
              Additionally, only match start to stop if the PIDs are the same.
              <-->

              <Region Guid="{d8d639a0-0000-0000-0000-000000000106}" Name="FastStartup-Resume-Winlogon-DwmpNotifyUserLogon" FriendlyName="Notify DWM">
                <Start>
                  <Event Provider="{dbe9b383-7cf3-4331-91cc-a3cb16a3b538}"  Id="67" Version="0"/>
                </Start>
                <Stop>
                  <Event Provider="{dbe9b383-7cf3-4331-91cc-a3cb16a3b538}"  Id="68" Version="0"/>
                </Stop>
                <Match>
                  <Event PID="true"/>
                </Match>
              </Region>

              <!-->
              Notify Themes:
            
              Event-Based Start with provider=dbe9b383-7cf3-4331-91cc-a3cb16a3b538, id=13, and version=0
              Event-Based Stop with provider=dbe9b383-7cf3-4331-91cc-a3cb16a3b538, id=14, and version=0
            
              Additionally, only match start to stop if the PIDs are the same.
              <-->

              <Region Guid="{d8d639a0-0000-0000-0000-000000000107}" Name="FastStartup-Resume-Winlogon-ThemesOnLogonPost" FriendlyName="Notify Themes">
                <Start>
                  <Event Provider="{dbe9b383-7cf3-4331-91cc-a3cb16a3b538}"  Id="13" Version="0"/>
                </Start>
                <Stop>
                  <Event Provider="{dbe9b383-7cf3-4331-91cc-a3cb16a3b538}"  Id="14" Version="0"/>
                </Stop>
                <Match>
                  <Event PID="true"/>
                </Match>
              </Region>

              <!-->
              Check License:
            
              Event-Based Start with provider=dbe9b383-7cf3-4331-91cc-a3cb16a3b538, id=5, and version=0
              Event-Based Stop with provider=dbe9b383-7cf3-4331-91cc-a3cb16a3b538, id=6, and version=0
            
              Additionally, only match start to stop if the PIDs are the same.
              <-->

              <Region Guid="{d8d639a0-0000-0000-0000-000000000108}" Name="FastStartup-Resume-Winlogon-CheckWindowsLicenseStatus" FriendlyName="Check License">
                <Start>
                  <Event Provider="{dbe9b383-7cf3-4331-91cc-a3cb16a3b538}"  Id="5" Version="0"/>
                </Start>
                <Stop>
                  <Event Provider="{dbe9b383-7cf3-4331-91cc-a3cb16a3b538}"  Id="6" Version="0"/>
                </Stop>
                <Match>
                  <Event PID="true"/>
                </Match>
              </Region>

              <!-->
              Restore Network Connections
            
              Event-Based Start with provider=dbe9b383-7cf3-4331-91cc-a3cb16a3b538, id=7, and version=0
              Event-Based Stop with provider=dbe9b383-7cf3-4331-91cc-a3cb16a3b538, id=8, and version=0
            
              Additionally, only match start to stop if the PIDs are the same.
              <-->

              <Region Guid="{d8d639a0-0000-0000-0000-000000000109}" Name="FastStartup-Resume-Winlogon-RestoringNetConnections" FriendlyName="Restore Network Connections">
                <Start>
                  <Event Provider="{dbe9b383-7cf3-4331-91cc-a3cb16a3b538}"  Id="7" Version="0"/>
                </Start>
                <Stop>
                  <Event Provider="{dbe9b383-7cf3-4331-91cc-a3cb16a3b538}"  Id="8" Version="0"/>
                </Stop>
                <Match>
                  <Event PID="true"/>
                </Match>
              </Region>

              <!-->
              Logon
            
              Event-Based Start with provider=dbe9b383-7cf3-4331-91cc-a3cb16a3b538, id=801, version=0, and Event=2
              Event-Based Stop with provider=dbe9b383-7cf3-4331-91cc-a3cb16a3b538, id=802, version=0, and Event=2
            
              Additionally, only match start to stop if the PIDs are the same.
              <-->

              <Region Guid="{B1F9921C-BD0B-42c4-962F-F4CAAA37DF84}" Name="FastStartup-Resume-Winlogon-Logon" FriendlyName="Logon">
                <Start>
                  <Event Provider="{dbe9b383-7cf3-4331-91cc-a3cb16a3b538}"  Id="801" Version="0"/>
                  <PayloadIdentifier FieldName="Event"  FieldValue="2"/>
                </Start>
                <Stop>
                  <Event Provider="{dbe9b383-7cf3-4331-91cc-a3cb16a3b538}"  Id="802" Version="0"/>
                  <PayloadIdentifier FieldName="Event"  FieldValue="2"/>
                </Stop>
                <Match>
                  <Event PID="true"/>
                </Match>

                <!-->
                Logon
            
                Event-Based Start with provider=dbe9b383-7cf3-4331-91cc-a3cb16a3b538, id=801, version=0, and Event=2
                Event-Based Stop with provider=dbe9b383-7cf3-4331-91cc-a3cb16a3b538, id=802, version=0, and Event=2
            
                Additionally, only match start to stop if the PIDs are the same.
                
                Instance based off payload field called "SubscriberName" in the start event.
                
                Children:
                  Connect to Subscriber for Logon
                  Call Subscriber for Logon
                  Pended Notification for Logon
                  
                Begin Logon
                <-->

                <Region Guid="{1FBC9FDF-DA40-4fdf-8CEE-F4165B7C991A}" Name="FastStartup-Resume-Winlogon-Logon-Subscribers" FriendlyName="Subscribers for Logon">
                  <Start>
                    <Event Provider="{dbe9b383-7cf3-4331-91cc-a3cb16a3b538}"  Id="805" Version="0"/>
                    <PayloadIdentifier FieldName="Event"  FieldValue="2"/>
                  </Start>
                  <Stop>
                    <Event Provider="{dbe9b383-7cf3-4331-91cc-a3cb16a3b538}"  Id="806" Version="0"/>
                    <PayloadIdentifier FieldName="Event"  FieldValue="2"/>
                  </Stop>
                  <Naming>
                    <PayloadBased NameField="SubscriberName"/>
                  </Naming>

                  <!-->
                  Connect to Subscriber for Logon
                  Event-Based Start with provider=dbe9b383-7cf3-4331-91cc-a3cb16a3b538, id=809, and version=0
                  Event-Based Stop with provider=dbe9b383-7cf3-4331-91cc-a3cb16a3b538, id=810, and version=0
                
                  Additionally, only match start to stop if the PIDs are the same.
                  Additionally, only match to a parent if the parent shares this same PID.
            
                  Instance based off payload field called "SubscriberName" in the start event.
                  <-->
                  
                  <Region Guid="{B2BD458F-B29D-4379-9D4C-B7B42B3CBC92}" Name="FastStartup-Resume-Winlogon-Logon-ConnectToSubscriber" FriendlyName="Connect to Subscriber for Logon" >
                    <Start>
                      <Event Provider="{dbe9b383-7cf3-4331-91cc-a3cb16a3b538}"  Id="809" Version="0"/>
                    </Start>
                    <Stop>
                      <Event Provider="{dbe9b383-7cf3-4331-91cc-a3cb16a3b538}"  Id="810" Version="0"/>
                    </Stop>
                    <Match>
                      <Event PID="true"/>
                      <Parent PID="true"/>
                    </Match>
                    <Naming>
                      <PayloadBased NameField="SubscriberName"/>
                    </Naming>
                  </Region>

                  <!-->
                  Call Subscriber for Logon
                  Event-Based Start with provider=dbe9b383-7cf3-4331-91cc-a3cb16a3b538, id=811, version=0, and Event=2
                  Event-Based Stop with provider=dbe9b383-7cf3-4331-91cc-a3cb16a3b538, id=812, version=0, and Event=2
                
                  Additionally, only match start to stop if the PIDs are the same.
                  Additionally, only match to a parent if the parent shares this same PID.
            
                  Instance based off payload field called "SubscriberName" in the start event.
                  <-->

                  <Region Guid="{A8EB4DB9-27B1-4aaf-BDCE-739BE16C85F9}" Name="FastStartup-Resume-Winlogon-Logon-CallSubscriber" FriendlyName="Call Subscriber for Logon">
                    <Start>
                      <Event Provider="{dbe9b383-7cf3-4331-91cc-a3cb16a3b538}"  Id="811" Version="0"/>
                      <PayloadIdentifier FieldName="Event" FieldValue="2"/>
                    </Start>
                    <Stop>
                      <Event Provider="{dbe9b383-7cf3-4331-91cc-a3cb16a3b538}"  Id="812" Version="0"/>
                      <PayloadIdentifier FieldName="Event" FieldValue="2"/>
                    </Stop>
                    <Match>
                      <Event PID="true"/>
                      <Parent PID="true"/>
                    </Match>
                    <Naming>
                      <PayloadBased NameField="SubscriberName"/>
                    </Naming>
                  </Region>

                  <!-->
                  Pended Notification for Logon
                  Event-Based Start with provider=dbe9b383-7cf3-4331-91cc-a3cb16a3b538, id=807, version=0, and Event=2
                  Event-Based Stop with provider=dbe9b383-7cf3-4331-91cc-a3cb16a3b538, id=812, version=0, and Event=2
                
                  Additionally, only match start to stop if the field "SubscriberName" is the same.
                  Additionally, only match to a parent if the parent shares this same "SubscriberName" field. 
            
                  Instance based off payload field called "Message" in the start event.
                  <-->

                  <Region Guid="{3E0AED14-7021-4864-B183-66A1B14261B7}" Name="FastStartup-Resume-Winlogon-Logon-NotificationPended" FriendlyName="Pended Notification for Logon">
                    <Start>
                      <Event Provider="{dbe9b383-7cf3-4331-91cc-a3cb16a3b538}"  Id="807" Version="0"/>
                      <PayloadIdentifier FieldName="Event" FieldValue="2"/>
                    </Start>
                    <Stop>
                      <Event Provider="{dbe9b383-7cf3-4331-91cc-a3cb16a3b538}"  Id="812" Version="0" />
                      <PayloadIdentifier FieldName="Event" FieldValue="2"/>
                    </Stop>
                    <Match>
                      <Event>
                        <Payload FieldName="SubscriberName"/>
                      </Event>
                      <Parent>
                        <Payload FieldName="SubscriberName"/>
                      </Parent>
                    </Match>
                    <Naming>
                      <PayloadBased NameField="Message"/>
                    </Naming>
                  </Region>
                <!-->
                End Subscribers for Logon
                <-->
                </Region>
              <!-->
              End Logon
              <-->
              </Region>

              <!-->
              Start Shell:
              Event-Based Start with provider=dbe9b383-7cf3-4331-91cc-a3cb16a3b538, id=801, version=0, and Event=12
              Event-Based Stop with provider=dbe9b383-7cf3-4331-91cc-a3cb16a3b538, id=802, version=0, and Event=12
                
              Additionally, only match start to stop if the PIDs are the same.
            
              Children:
                Subscribers for Start Shell
              
              Begin Start Shell
              <-->

              <Region Guid="{2C6CC266-ACB5-4e17-87C2-1F1197B421A2}" Name="FastStartup-Resume-Winlogon-StartShell" FriendlyName="Start Shell">
                <Start>
                  <Event Provider="{dbe9b383-7cf3-4331-91cc-a3cb16a3b538}"  Id="801" Version="0"/>
                  <PayloadIdentifier FieldName ="Event" FieldValue="12"/>
                </Start>
                <Stop>
                  <Event Provider="{dbe9b383-7cf3-4331-91cc-a3cb16a3b538}"  Id="802" Version="0"/>
                  <PayloadIdentifier FieldName ="Event" FieldValue="12"/>
                </Stop>
                <Match>
                  <Event PID="true"/>
                </Match>

                <!-->
                Subscribers for Start Shell:
                Event-Based Start with provider=dbe9b383-7cf3-4331-91cc-a3cb16a3b538, id=805, version=0, and Event=12
                Event-Based Stop with provider=dbe9b383-7cf3-4331-91cc-a3cb16a3b538, id=806, version=0, and Event=12

                Instance based off payload field called "SubscriberName" in the start event.
              
                Children:
                  Connect to Subscriber for Start Shell
                  Call Subscriber for Start Shell
                  Pended Notification for Start Shell
                
                Begin Subscribers for Start Shell
                <-->
                
                <Region Guid="{85AB4A5C-ADB3-4147-95AD-D428E758632F}" Name="FastStartup-Resume-Winlogon-StartShell-Subscribers" FriendlyName="Subscribers for Start Shell">
                  <Start>
                    <Event Provider="{dbe9b383-7cf3-4331-91cc-a3cb16a3b538}"  Id="805" Version="0"/>
                    <PayloadIdentifier FieldName ="Event" FieldValue="12"/>
                  </Start>
                  <Stop>
                    <Event Provider="{dbe9b383-7cf3-4331-91cc-a3cb16a3b538}"  Id="806" Version="0"/>
                    <PayloadIdentifier FieldName ="Event" FieldValue="12"/>
                  </Stop>
                  <Naming>
                    <PayloadBased NameField="SubscriberName"/>
                  </Naming>

                  <!-->
                  Connect to Subscriber for Start Shell
                  Event-Based Start with provider=dbe9b383-7cf3-4331-91cc-a3cb16a3b538, id=809, and version=0
                  Event-Based Stop with provider=dbe9b383-7cf3-4331-91cc-a3cb16a3b538, id=810, and version=0
                
                  Additionally, only match start to stop if the PIDs are the same.
                  Additionally, only match to a parent if the parent shares this same PID.
            
                  Instance based off payload field called "SubscriberName" in the start event.
                  <-->
                  
                  <Region Guid="{F6CC49BE-D647-472a-81ED-7C069B0F3E1B}" Name="FastStartup-Resume-Winlogon-StartShell-ConnectToSubscriber" FriendlyName="Connect to Subscriber for Start Shell"  >
                    <Start>
                      <Event Provider="{dbe9b383-7cf3-4331-91cc-a3cb16a3b538}"  Id="809" Version="0" />
                    </Start>
                    <Stop>
                      <Event Provider="{dbe9b383-7cf3-4331-91cc-a3cb16a3b538}"  Id="810" Version="0"/>
                    </Stop>
                    <Match>
                      <Event PID="true"/>
                      <Parent PID="true"/>
                    </Match>
                    <Naming>
                      <PayloadBased NameField="SubscriberName"/>
                    </Naming>
                  </Region>

                  <!-->
                  Call Subscriber for Start Shell
                  Event-Based Start with provider=dbe9b383-7cf3-4331-91cc-a3cb16a3b538, id=811, version=0, and Event=12
                  Event-Based Stop with provider=dbe9b383-7cf3-4331-91cc-a3cb16a3b538, id=812, version=0, and Event=12
                
                  Additionally, only match start to stop if the PIDs are the same.
                  Additionally, only match to a parent if the parent shares this same PID.
            
                  Instance based off payload field called "SubscriberName" in the start event.
                  <-->

                  <Region Guid="{8B5B3845-91B2-436a-81EA-1273EA4AA359}" Name="FastStartup-Resume-Winlogon-StartShell-CallSubscriber" FriendlyName="Call Subscriber for Start Shell">
                    <Start>
                      <Event Provider="{dbe9b383-7cf3-4331-91cc-a3cb16a3b538}"  Id="811" Version="0" />
                      <PayloadIdentifier FieldName="Event" FieldValue="12"/>
                    </Start>
                    <Stop>
                      <Event Provider="{dbe9b383-7cf3-4331-91cc-a3cb16a3b538}"  Id="812" Version="0"/>
                      <PayloadIdentifier FieldName="Event" FieldValue="12"/>
                    </Stop>
                    <Naming>
                      <PayloadBased NameField="SubscriberName"/>
                    </Naming>
                    <Match>
                      <Event PID="true"/>
                      <Parent PID="true"/>
                    </Match>
                  </Region>

                  <!-->
                  Pended Notification for Start Shell
                  Event-Based Start with provider=dbe9b383-7cf3-4331-91cc-a3cb16a3b538, id=809, version=0, and Event=12
                  Event-Based Stop with provider=dbe9b383-7cf3-4331-91cc-a3cb16a3b538, id=810, version=0, and Event=12
                
                  Additionally, only match start to stop if the field "SubscriberName" is the same.
                  Additionally, only match to a parent if the parent shares this same "SubscriberName" field. 
            
                  Instance based off payload field called "Message" in the start event.
                  <-->

                  <Region Guid="{20319FB0-62F6-4a08-A44D-BE660B5BC22F}" Name="FastStartup-Resume-Winlogon-StartShell-NotificationPended" FriendlyName="Pended Notification for Start Shell">
                    <Start>
                      <Event Provider="{dbe9b383-7cf3-4331-91cc-a3cb16a3b538}"  Id="807" Version="0" />
                      <PayloadIdentifier FieldName="Event" FieldValue="12"/>
                    </Start>
                    <Stop>
                      <Event Provider="{dbe9b383-7cf3-4331-91cc-a3cb16a3b538}"  Id="812" Version="0"  />
                      <PayloadIdentifier FieldName="Event" FieldValue="12"/>
                    </Stop>
                    <Match>
                      <Event PID="true"/>
                      <Parent PID="true"/>
                    </Match>
                    <Naming>
                      <PayloadBased NameField="Message"/>
                    </Naming>
                  </Region>
                <!-->
                End Subscribers for Start Shell
                <-->
                </Region>
              <!-->
              End Start Shell
              <-->
              </Region>
            <!-->
            End Winlogon Resume
            <-->
            </Region>

            <!-->
            Explorer Initialization
            
            Event-Based Start with provider=dbe9b383-7cf3-4331-91cc-a3cb16a3b538, id=9, and version=0
            Event-Based Stop with provider=30336ed4-e327-447c-9de0-51b652c86108, id=27231, and version=0
            
            Additionally, only match start to stop if the PIDs are the same.
            <-->

            <Region Guid="{A663FE45-C61B-4c62-B4BA-E6FE60C6F574}" Name="FastStartup-Resume-ExplorerInit" FriendlyName="Explorer Initialization">
              <Start>
                <Event Provider="{dbe9b383-7cf3-4331-91cc-a3cb16a3b538}"  Id="9" Version="0"/>
              </Start>
              <Stop>
                <Event Provider="{30336ed4-e327-447c-9de0-51b652c86108}"  Id="27231" Version="0"/>
              </Stop>
            </Region>
          <!-->
          End Boot Main Path
          <-->
          </Region>
        <!-->
        End Total Boot [Excluding BIOS]
        <-->
        </Region>

        <!-->
        UNSUPPORTED REGION:
        In future versions, this will contain the following region:
          
          Post On/Off
          Region-Based Start based off the stop of region: A663FE45-C61B-4c62-B4BA-E6FE60C6F574 (Explorer Initialization)
          Idle-Based Stop based after we detect idle for 5000 ms
          
          Additionally, only match start to stop if the PIDs are the same.
    
          
          <Region Guid="{BD4C89BE-6866-4376-954A-F3F48ACE2727}" Name="FastStartup-Resume-PostOnOff" FriendlyName="Post On/Off">
            <Start>
              <Region RegionGuid="{A663FE45-C61B-4c62-B4BA-E6FE60C6F574}"/>
            </Start>
            <Stop>
              <Idle AccumulateMS="5000"/>
            </Stop>
          </Region>
        <-->

        <!-->
        Console Session Disconnect
            
        Event-Based Start with provider=dbe9b383-7cf3-4331-91cc-a3cb16a3b538, id=801 version=0, and Event=8
        Event-Based Stop with provider=dbe9b383-7cf3-4331-91cc-a3cb16a3b538, id=802 version=0, and Event=8
            
        Additionally, only match start to stop if the PIDs are the same.
        <-->

        <Region Guid="{AB719FB1-D863-4305-AE8E-F21281899A85}" Name="FastStartup-ConsoleSessionDisconnect" FriendlyName="Console Session Disconnect">
          <Start>
            <Event Provider="{dbe9b383-7cf3-4331-91cc-a3cb16a3b538}"  Id="801" Version="0"/>
            <PayloadIdentifier FieldName="Event" FieldValue="8"/>
          </Start>
          <Stop>
            <Event Provider="{dbe9b383-7cf3-4331-91cc-a3cb16a3b538}"  Id="802" Version="0"/>
            <PayloadIdentifier FieldName="Event" FieldValue="8"/>
          </Stop>
          <Match>
            <Event PID="true"/>
          </Match>
        </Region>
      </RegionRoot>

    </Regions>
  </Instrumentation>
</InstrumentationManifest>